,MD count,NP count,PC all
01001,25.0,9.0,34.0
01003,96.0,70.0,166.0
01005,8.0,3.0,11.0
01007,6.0,9.0,15.0
01009,10.0,4.0,14.0
01011,2.0,2.0,4.0
01013,10.0,6.0,16.0
01015,52.0,37.0,89.0
01017,11.0,3.0,14.0
01019,12.0,10.0,22.0
01021,11.0,1.0,12.0
01023,5.0,2.0,7.0
01025,11.0,10.0,21.0
01027,7.0,4.0,11.0
01029,1.0,1.0,2.0
01031,18.0,22.0,40.0
01033,32.0,47.0,79.0
01035,7.0,,
01037,,1.0,
01039,15.0,22.0,37.0
01041,1.0,7.0,8.0
01043,44.0,53.0,97.0
01045,10.0,8.0,18.0
01047,23.0,12.0,35.0
01049,19.0,16.0,35.0
01051,24.0,13.0,37.0
01053,21.0,6.0,27.0
01055,64.0,44.0,108.0
01057,6.0,4.0,10.0
01059,10.0,5.0,15.0
01061,8.0,3.0,11.0
01063,4.0,2.0,6.0
01065,4.0,3.0,7.0
01067,4.0,5.0,9.0
01069,83.0,113.0,196.0
01071,27.0,12.0,39.0
01073,585.0,477.0,1062.0
01075,3.0,6.0,9.0
01077,45.0,49.0,94.0
01079,5.0,8.0,13.0
01081,49.0,39.0,88.0
01083,22.0,32.0,54.0
01085,1.0,1.0,2.0
01087,1.0,2.0,3.0
01089,227.0,230.0,457.0
01091,4.0,5.0,9.0
01093,15.0,9.0,24.0
01095,52.0,28.0,80.0
01097,216.0,246.0,462.0
01099,8.0,3.0,11.0
01101,172.0,147.0,319.0
01103,59.0,43.0,102.0
01105,2.0,1.0,3.0
01107,9.0,4.0,13.0
01109,14.0,13.0,27.0
01111,5.0,12.0,17.0
01113,9.0,2.0,11.0
01115,18.0,26.0,44.0
01117,46.0,31.0,77.0
01119,4.0,,
01121,35.0,24.0,59.0
01123,15.0,18.0,33.0
01125,139.0,87.0,226.0
01127,32.0,19.0,51.0
01129,3.0,3.0,6.0
01131,2.0,1.0,3.0
01133,7.0,4.0,11.0
02013,,3.0,
02016,,3.0,
02020,202.0,296.0,498.0
02050,13.0,11.0,24.0
02068,,1.0,
02070,11.0,3.0,14.0
02090,58.0,51.0,109.0
02100,3.0,2.0,5.0
02105,,1.0,
02110,24.0,25.0,49.0
02122,35.0,36.0,71.0
02130,16.0,13.0,29.0
02150,11.0,8.0,19.0
02158,,1.0,
02164,,2.0,
02170,42.0,59.0,101.0
02180,3.0,4.0,7.0
02185,,1.0,
02188,7.0,4.0,11.0
02195,2.0,,
02198,4.0,8.0,12.0
02220,16.0,2.0,18.0
02230,,3.0,
02240,4.0,1.0,5.0
02261,4.0,6.0,10.0
02275,5.0,,
02290,1.0,3.0,4.0
04001,33.0,24.0,57.0
04003,58.0,53.0,111.0
04005,131.0,119.0,250.0
04007,24.0,25.0,49.0
04009,15.0,14.0,29.0
04011,8.0,1.0,9.0
04012,7.0,12.0,19.0
04013,2244.0,2370.0,4614.0
04015,74.0,109.0,183.0
04017,59.0,54.0,113.0
04019,590.0,581.0,1171.0
04021,89.0,143.0,232.0
04023,11.0,10.0,21.0
04025,113.0,132.0,245.0
04027,77.0,88.0,165.0
05001,8.0,3.0,11.0
05003,6.0,3.0,9.0
05005,31.0,32.0,63.0
05007,127.0,98.0,225.0
05009,22.0,20.0,42.0
05011,8.0,3.0,11.0
05013,1.0,,
05015,14.0,5.0,19.0
05017,4.0,9.0,13.0
05019,8.0,6.0,14.0
05021,9.0,8.0,17.0
05023,9.0,4.0,13.0
05025,1.0,,
05027,14.0,6.0,20.0
05029,10.0,4.0,14.0
05031,107.0,88.0,195.0
05033,21.0,8.0,29.0
05035,22.0,24.0,46.0
05037,6.0,4.0,10.0
05039,2.0,2.0,4.0
05041,5.0,,
05043,6.0,4.0,10.0
05045,44.0,40.0,84.0
05047,5.0,2.0,7.0
05049,4.0,4.0,8.0
05051,69.0,62.0,131.0
05053,4.0,4.0,8.0
05055,19.0,21.0,40.0
05057,5.0,6.0,11.0
05059,12.0,10.0,22.0
05061,5.0,3.0,8.0
05063,28.0,26.0,54.0
05065,5.0,4.0,9.0
05067,10.0,6.0,16.0
05069,52.0,24.0,76.0
05071,13.0,6.0,19.0
05073,2.0,1.0,3.0
05075,11.0,7.0,18.0
05077,2.0,1.0,3.0
05079,2.0,2.0,4.0
05081,2.0,6.0,8.0
05083,7.0,3.0,10.0
05085,17.0,25.0,42.0
05087,2.0,1.0,3.0
05089,,4.0,
05091,17.0,19.0,36.0
05093,13.0,10.0,23.0
05095,4.0,1.0,5.0
05097,1.0,4.0,5.0
05099,3.0,3.0,6.0
05101,2.0,3.0,5.0
05103,13.0,4.0,17.0
05105,1.0,1.0,2.0
05107,11.0,7.0,18.0
05109,3.0,3.0,6.0
05111,3.0,14.0,17.0
05113,12.0,5.0,17.0
05115,29.0,21.0,50.0
05117,,2.0,
05119,315.0,286.0,601.0
05121,9.0,5.0,14.0
05123,9.0,3.0,12.0
05125,40.0,29.0,69.0
05127,1.0,3.0,4.0
05129,2.0,2.0,4.0
05131,129.0,75.0,204.0
05133,7.0,5.0,12.0
05135,6.0,9.0,15.0
05137,9.0,4.0,13.0
05139,28.0,17.0,45.0
05141,7.0,7.0,14.0
05143,141.0,118.0,259.0
05145,35.0,37.0,72.0
05147,3.0,7.0,10.0
05149,12.0,6.0,18.0
06001,730.0,289.0,1019.0
06005,20.0,14.0,34.0
06007,95.0,75.0,170.0
06009,14.0,3.0,17.0
06011,5.0,3.0,8.0
06013,468.0,146.0,614.0
06015,10.0,15.0,25.0
06017,64.0,43.0,107.0
06019,388.0,254.0,642.0
06021,5.0,2.0,7.0
06023,72.0,63.0,135.0
06025,31.0,32.0,63.0
06027,10.0,4.0,14.0
06029,269.0,167.0,436.0
06031,43.0,36.0,79.0
06033,20.0,13.0,33.0
06035,12.0,5.0,17.0
06037,3763.0,1360.0,5123.0
06039,21.0,10.0,31.0
06041,91.0,34.0,125.0
06043,2.0,2.0,4.0
06045,48.0,41.0,89.0
06047,89.0,34.0,123.0
06049,4.0,1.0,5.0
06051,,3.0,
06053,205.0,60.0,265.0
06055,92.0,35.0,127.0
06057,48.0,20.0,68.0
06059,1549.0,497.0,2046.0
06061,229.0,99.0,328.0
06063,11.0,1.0,12.0
06065,733.0,340.0,1073.0
06067,754.0,368.0,1122.0
06069,14.0,6.0,20.0
06071,765.0,421.0,1186.0
06073,1464.0,624.0,2088.0
06075,732.0,180.0,912.0
06077,259.0,81.0,340.0
06079,143.0,69.0,212.0
06081,299.0,104.0,403.0
06083,316.0,142.0,458.0
06085,1041.0,418.0,1459.0
06087,175.0,78.0,253.0
06089,111.0,76.0,187.0
06093,20.0,15.0,35.0
06095,182.0,53.0,235.0
06097,196.0,71.0,267.0
06099,275.0,94.0,369.0
06101,55.0,25.0,80.0
06103,17.0,8.0,25.0
06105,3.0,4.0,7.0
06107,127.0,89.0,216.0
06109,24.0,26.0,50.0
06111,402.0,116.0,518.0
06113,103.0,65.0,168.0
06115,13.0,14.0,27.0
08001,420.0,466.0,886.0
08003,17.0,13.0,30.0
08005,236.0,221.0,457.0
08007,9.0,2.0,11.0
08009,5.0,3.0,8.0
08013,205.0,200.0,405.0
08014,20.0,23.0,43.0
08015,19.0,4.0,23.0
08017,1.0,,
08021,4.0,2.0,6.0
08023,1.0,,
08025,,1.0,
08027,1.0,2.0,3.0
08029,18.0,14.0,32.0
08031,402.0,331.0,733.0
08033,,1.0,
08035,115.0,93.0,208.0
08037,28.0,30.0,58.0
08039,3.0,1.0,4.0
08041,263.0,337.0,600.0
08043,3.0,1.0,4.0
08045,37.0,21.0,58.0
08049,6.0,1.0,7.0
08051,5.0,5.0,10.0
08053,,1.0,
08055,13.0,3.0,16.0
08059,207.0,268.0,475.0
08061,,1.0,
08065,3.0,7.0,10.0
08067,48.0,55.0,103.0
08069,206.0,236.0,442.0
08071,9.0,5.0,14.0
08073,2.0,3.0,5.0
08075,17.0,6.0,23.0
08077,129.0,116.0,245.0
08081,5.0,2.0,7.0
08083,17.0,3.0,20.0
08085,27.0,28.0,55.0
08087,13.0,13.0,26.0
08089,10.0,9.0,19.0
08091,2.0,,
08093,,1.0,
08095,5.0,1.0,6.0
08097,8.0,2.0,10.0
08099,3.0,5.0,8.0
08101,118.0,107.0,225.0
08103,6.0,1.0,7.0
08105,9.0,4.0,13.0
08107,16.0,10.0,26.0
08113,4.0,5.0,9.0
08115,4.0,,
08117,17.0,15.0,32.0
08119,11.0,4.0,15.0
08121,,1.0,
08123,124.0,113.0,237.0
08125,9.0,,
09001,521.0,462.0,983.0
09003,404.0,731.0,1135.0
09005,65.0,66.0,131.0
09007,79.0,77.0,156.0
09009,564.0,513.0,1077.0
09011,115.0,154.0,269.0
09013,17.0,19.0,36.0
09015,42.0,30.0,72.0
10001,64.0,75.0,139.0
10003,403.0,422.0,825.0
10005,128.0,122.0,250.0
11001,690.0,384.0,1074.0
12001,295.0,271.0,566.0
12003,6.0,7.0,13.0
12005,86.0,123.0,209.0
12007,8.0,7.0,15.0
12009,328.0,301.0,629.0
12011,1023.0,534.0,1557.0
12013,3.0,1.0,4.0
12015,97.0,89.0,186.0
12017,73.0,56.0,129.0
12019,68.0,96.0,164.0
12021,228.0,210.0,438.0
12023,25.0,30.0,55.0
12027,5.0,8.0,13.0
12029,,4.0,
12031,762.0,772.0,1534.0
12033,198.0,264.0,462.0
12035,45.0,31.0,76.0
12037,4.0,4.0,8.0
12039,8.0,7.0,15.0
12041,5.0,9.0,14.0
12043,,2.0,
12045,4.0,1.0,5.0
12047,3.0,1.0,4.0
12049,6.0,1.0,7.0
12051,7.0,3.0,10.0
12053,108.0,71.0,179.0
12055,49.0,34.0,83.0
12057,780.0,832.0,1612.0
12059,6.0,8.0,14.0
12061,90.0,93.0,183.0
12063,10.0,29.0,39.0
12065,1.0,,
12067,,2.0,
12069,211.0,130.0,341.0
12071,383.0,474.0,857.0
12073,180.0,170.0,350.0
12075,7.0,6.0,13.0
12077,1.0,1.0,2.0
12079,4.0,6.0,10.0
12081,159.0,132.0,291.0
12083,181.0,187.0,368.0
12085,105.0,105.0,210.0
12086,1312.0,707.0,2019.0
12087,44.0,24.0,68.0
12089,20.0,27.0,47.0
12091,100.0,100.0,200.0
12093,17.0,12.0,29.0
12095,737.0,695.0,1432.0
12097,116.0,116.0,232.0
12099,751.0,533.0,1284.0
12101,296.0,206.0,502.0
12103,495.0,382.0,877.0
12105,291.0,270.0,561.0
12107,32.0,17.0,49.0
12109,23.0,24.0,47.0
12111,54.0,62.0,116.0
12113,71.0,58.0,129.0
12115,302.0,257.0,559.0
12117,227.0,150.0,377.0
12119,91.0,49.0,140.0
12121,4.0,9.0,13.0
12123,10.0,9.0,19.0
12125,2.0,6.0,8.0
12127,311.0,227.0,538.0
12129,3.0,5.0,8.0
12131,11.0,21.0,32.0
12133,5.0,7.0,12.0
13001,7.0,7.0,14.0
13003,,2.0,
13005,2.0,2.0,4.0
13007,1.0,,
13009,16.0,18.0,34.0
13011,2.0,3.0,5.0
13013,29.0,12.0,41.0
13015,44.0,43.0,87.0
13017,10.0,6.0,16.0
13019,5.0,4.0,9.0
13021,167.0,175.0,342.0
13023,4.0,,
13025,2.0,,
13027,3.0,2.0,5.0
13029,12.0,12.0,24.0
13031,26.0,26.0,52.0
13033,5.0,3.0,8.0
13035,5.0,7.0,12.0
13037,4.0,1.0,5.0
13039,9.0,14.0,23.0
13043,3.0,3.0,6.0
13045,54.0,75.0,129.0
13047,21.0,10.0,31.0
13049,5.0,5.0,10.0
13051,176.0,215.0,391.0
13053,1.0,,
13055,6.0,7.0,13.0
13057,90.0,62.0,152.0
13059,97.0,105.0,202.0
13061,1.0,,
13063,73.0,31.0,104.0
13065,1.0,1.0,2.0
13067,268.0,432.0,700.0
13069,15.0,33.0,48.0
13071,23.0,21.0,44.0
13073,48.0,27.0,75.0
13075,8.0,1.0,9.0
13077,38.0,50.0,88.0
13079,1.0,,
13081,16.0,5.0,21.0
13083,3.0,2.0,5.0
13085,12.0,3.0,15.0
13087,8.0,7.0,15.0
13089,212.0,133.0,345.0
13091,9.0,4.0,13.0
13093,,1.0,
13095,69.0,83.0,152.0
13097,40.0,24.0,64.0
13099,1.0,5.0,6.0
13103,13.0,4.0,17.0
13105,7.0,1.0,8.0
13107,11.0,9.0,20.0
13109,3.0,4.0,7.0
13111,9.0,8.0,17.0
13113,71.0,76.0,147.0
13115,99.0,128.0,227.0
13117,74.0,54.0,128.0
13119,2.0,8.0,10.0
13121,949.0,998.0,1947.0
13123,10.0,6.0,16.0
13127,42.0,51.0,93.0
13129,31.0,19.0,50.0
13131,11.0,2.0,13.0
13133,4.0,4.0,8.0
13135,299.0,294.0,593.0
13137,14.0,19.0,33.0
13139,130.0,163.0,293.0
13141,,1.0,
13143,9.0,6.0,15.0
13145,2.0,2.0,4.0
13147,15.0,4.0,19.0
13149,1.0,,
13151,79.0,98.0,177.0
13153,60.0,58.0,118.0
13155,4.0,2.0,6.0
13157,30.0,19.0,49.0
13159,2.0,2.0,4.0
13161,3.0,1.0,4.0
13163,2.0,2.0,4.0
13165,3.0,1.0,4.0
13167,3.0,,
13169,2.0,4.0,6.0
13171,5.0,1.0,6.0
13173,2.0,1.0,3.0
13175,32.0,23.0,55.0
13177,7.0,3.0,10.0
13179,9.0,11.0,20.0
13181,1.0,,
13183,1.0,1.0,2.0
13185,37.0,54.0,91.0
13187,8.0,6.0,14.0
13189,11.0,5.0,16.0
13191,,3.0,
13193,3.0,1.0,4.0
13195,3.0,2.0,5.0
13197,2.0,,
13199,6.0,1.0,7.0
13201,5.0,2.0,7.0
13205,5.0,3.0,8.0
13207,6.0,4.0,10.0
13209,1.0,1.0,2.0
13211,5.0,,
13213,8.0,12.0,20.0
13215,143.0,147.0,290.0
13217,21.0,20.0,41.0
13219,19.0,10.0,29.0
13221,2.0,,
13223,18.0,23.0,41.0
13225,9.0,2.0,11.0
13227,15.0,12.0,27.0
13229,5.0,,
13231,1.0,,
13233,19.0,8.0,27.0
13235,4.0,4.0,8.0
13237,5.0,3.0,8.0
13239,1.0,,
13241,8.0,5.0,13.0
13243,2.0,1.0,3.0
13245,202.0,167.0,369.0
13247,51.0,23.0,74.0
13249,,1.0,
13251,1.0,1.0,2.0
13253,3.0,,
13255,20.0,39.0,59.0
13257,11.0,11.0,22.0
13259,1.0,3.0,4.0
13261,16.0,14.0,30.0
13263,2.0,,
13267,4.0,4.0,8.0
13273,3.0,1.0,4.0
13275,31.0,57.0,88.0
13277,37.0,71.0,108.0
13279,18.0,26.0,44.0
13281,9.0,4.0,13.0
13283,1.0,1.0,2.0
13285,3.0,2.0,5.0
13287,2.0,2.0,4.0
13291,16.0,14.0,30.0
13293,10.0,12.0,22.0
13295,5.0,7.0,12.0
13297,35.0,29.0,64.0
13299,27.0,31.0,58.0
13301,1.0,1.0,2.0
13303,14.0,2.0,16.0
13305,9.0,12.0,21.0
13309,1.0,,
13311,6.0,6.0,12.0
13313,48.0,72.0,120.0
13317,4.0,1.0,5.0
13319,4.0,1.0,5.0
13321,5.0,3.0,8.0
15001,69.0,19.0,88.0
15003,90.0,31.0,121.0
15007,7.0,1.0,8.0
15009,77.0,39.0,116.0
16001,328.0,452.0,780.0
16003,1.0,1.0,2.0
16005,56.0,89.0,145.0
16007,7.0,4.0,11.0
16009,,2.0,
16011,13.0,12.0,25.0
16013,17.0,4.0,21.0
16015,1.0,1.0,2.0
16017,16.0,14.0,30.0
16019,36.0,99.0,135.0
16021,5.0,4.0,9.0
16023,,1.0,
16025,,1.0,
16027,71.0,100.0,171.0
16029,1.0,1.0,2.0
16031,13.0,6.0,19.0
16035,9.0,3.0,12.0
16037,,2.0,
16039,11.0,7.0,18.0
16041,3.0,1.0,4.0
16043,,2.0,
16045,3.0,4.0,7.0
16047,6.0,8.0,14.0
16049,9.0,,
16051,3.0,8.0,11.0
16053,10.0,4.0,14.0
16055,32.0,38.0,70.0
16057,17.0,9.0,26.0
16059,3.0,2.0,5.0
16061,,1.0,
16063,1.0,3.0,4.0
16065,14.0,19.0,33.0
16067,8.0,7.0,15.0
16069,24.0,51.0,75.0
16071,3.0,1.0,4.0
16073,1.0,4.0,5.0
16075,9.0,16.0,25.0
16077,3.0,,
16079,5.0,4.0,9.0
16081,3.0,5.0,8.0
16083,47.0,70.0,117.0
16085,12.0,2.0,14.0
16087,4.0,3.0,7.0
17001,59.0,52.0,111.0
17003,2.0,,
17005,7.0,2.0,9.0
17007,20.0,8.0,28.0
17011,12.0,12.0,24.0
17013,1.0,,
17015,2.0,2.0,4.0
17017,2.0,1.0,3.0
17019,175.0,176.0,351.0
17021,9.0,9.0,18.0
17023,5.0,3.0,8.0
17025,2.0,4.0,6.0
17027,7.0,5.0,12.0
17029,42.0,43.0,85.0
17031,4108.0,2043.0,6151.0
17033,2.0,4.0,6.0
17035,,2.0,
17037,43.0,30.0,73.0
17039,6.0,3.0,9.0
17041,8.0,6.0,14.0
17043,737.0,462.0,1199.0
17045,7.0,7.0,14.0
17047,2.0,1.0,3.0
17049,30.0,27.0,57.0
17051,3.0,2.0,5.0
17053,4.0,4.0,8.0
17055,10.0,19.0,29.0
17057,13.0,11.0,24.0
17059,,1.0,
17061,4.0,3.0,7.0
17063,19.0,26.0,45.0
17065,2.0,,
17067,2.0,5.0,7.0
17069,2.0,1.0,3.0
17071,1.0,2.0,3.0
17073,13.0,10.0,23.0
17075,9.0,12.0,21.0
17077,59.0,57.0,116.0
17079,,5.0,
17081,28.0,21.0,49.0
17083,7.0,3.0,10.0
17085,8.0,5.0,13.0
17089,250.0,200.0,450.0
17091,56.0,56.0,112.0
17093,31.0,15.0,46.0
17095,32.0,28.0,60.0
17097,347.0,214.0,561.0
17099,45.0,31.0,76.0
17101,5.0,1.0,6.0
17103,20.0,9.0,29.0
17105,20.0,20.0,40.0
17107,9.0,11.0,20.0
17109,14.0,17.0,31.0
17111,159.0,107.0,266.0
17113,73.0,85.0,158.0
17115,71.0,91.0,162.0
17117,12.0,5.0,17.0
17119,112.0,110.0,222.0
17121,15.0,21.0,36.0
17123,3.0,1.0,4.0
17125,3.0,2.0,5.0
17127,4.0,,
17129,4.0,1.0,5.0
17131,5.0,3.0,8.0
17133,7.0,11.0,18.0
17135,13.0,11.0,24.0
17137,19.0,13.0,32.0
17139,4.0,3.0,7.0
17141,25.0,10.0,35.0
17143,216.0,227.0,443.0
17145,6.0,3.0,9.0
17147,5.0,4.0,9.0
17149,10.0,10.0,20.0
17155,2.0,1.0,3.0
17157,10.0,7.0,17.0
17159,3.0,3.0,6.0
17161,72.0,85.0,157.0
17163,110.0,98.0,208.0
17165,12.0,13.0,25.0
17167,210.0,239.0,449.0
17169,1.0,3.0,4.0
17171,,1.0,
17173,7.0,2.0,9.0
17175,1.0,1.0,2.0
17177,24.0,21.0,45.0
17179,48.0,33.0,81.0
17181,6.0,4.0,10.0
17183,24.0,27.0,51.0
17185,3.0,2.0,5.0
17187,7.0,4.0,11.0
17189,3.0,6.0,9.0
17191,10.0,7.0,17.0
17193,3.0,1.0,4.0
17195,23.0,40.0,63.0
17197,250.0,218.0,468.0
17199,42.0,55.0,97.0
17201,187.0,210.0,397.0
17203,12.0,14.0,26.0
18001,12.0,13.0,25.0
18003,229.0,449.0,678.0
18005,47.0,46.0,93.0
18007,2.0,2.0,4.0
18009,6.0,3.0,9.0
18011,44.0,53.0,97.0
18013,2.0,3.0,5.0
18015,2.0,6.0,8.0
18017,14.0,22.0,36.0
18019,47.0,79.0,126.0
18021,10.0,8.0,18.0
18023,10.0,8.0,18.0
18025,2.0,5.0,7.0
18027,11.0,18.0,29.0
18029,29.0,12.0,41.0
18031,10.0,2.0,12.0
18033,17.0,9.0,26.0
18035,98.0,71.0,169.0
18037,26.0,26.0,52.0
18039,99.0,86.0,185.0
18041,10.0,9.0,19.0
18043,22.0,51.0,73.0
18045,2.0,3.0,5.0
18047,3.0,3.0,6.0
18049,10.0,2.0,12.0
18051,12.0,9.0,21.0
18053,30.0,33.0,63.0
18055,10.0,13.0,23.0
18057,188.0,155.0,343.0
18059,35.0,24.0,59.0
18061,19.0,9.0,28.0
18063,97.0,64.0,161.0
18065,22.0,25.0,47.0
18067,58.0,42.0,100.0
18069,20.0,22.0,42.0
18071,19.0,34.0,53.0
18073,14.0,11.0,25.0
18075,7.0,6.0,13.0
18077,16.0,26.0,42.0
18079,9.0,12.0,21.0
18081,104.0,100.0,204.0
18083,34.0,37.0,71.0
18085,38.0,29.0,67.0
18087,11.0,10.0,21.0
18089,269.0,214.0,483.0
18091,30.0,28.0,58.0
18093,18.0,17.0,35.0
18095,71.0,75.0,146.0
18097,829.0,829.0,1658.0
18099,21.0,25.0,46.0
18101,3.0,4.0,7.0
18103,7.0,15.0,22.0
18105,59.0,81.0,140.0
18107,11.0,10.0,21.0
18109,25.0,25.0,50.0
18111,1.0,1.0,2.0
18113,13.0,11.0,24.0
18115,2.0,1.0,3.0
18117,8.0,6.0,14.0
18119,5.0,8.0,13.0
18121,8.0,,
18123,10.0,5.0,15.0
18125,4.0,4.0,8.0
18127,73.0,58.0,131.0
18129,6.0,2.0,8.0
18131,6.0,4.0,10.0
18133,10.0,9.0,19.0
18135,5.0,11.0,16.0
18137,12.0,17.0,29.0
18139,10.0,9.0,19.0
18141,230.0,133.0,363.0
18143,9.0,7.0,16.0
18145,13.0,26.0,39.0
18147,7.0,4.0,11.0
18149,5.0,4.0,9.0
18151,9.0,6.0,15.0
18153,9.0,8.0,17.0
18155,1.0,,
18157,94.0,101.0,195.0
18159,7.0,5.0,12.0
18161,1.0,2.0,3.0
18163,174.0,210.0,384.0
18165,3.0,7.0,10.0
18167,75.0,70.0,145.0
18169,12.0,8.0,20.0
18171,2.0,2.0,4.0
18173,44.0,40.0,84.0
18175,7.0,6.0,13.0
18177,55.0,64.0,119.0
18179,17.0,5.0,22.0
18181,9.0,7.0,16.0
18183,19.0,3.0,22.0
19001,2.0,1.0,3.0
19003,1.0,,
19005,9.0,6.0,15.0
19007,2.0,2.0,4.0
19009,3.0,1.0,4.0
19011,6.0,9.0,15.0
19013,109.0,127.0,236.0
19015,8.0,2.0,10.0
19017,9.0,20.0,29.0
19019,4.0,5.0,9.0
19021,10.0,5.0,15.0
19023,2.0,5.0,7.0
19025,4.0,4.0,8.0
19027,18.0,8.0,26.0
19029,7.0,6.0,13.0
19031,6.0,7.0,13.0
19033,57.0,49.0,106.0
19035,5.0,14.0,19.0
19037,10.0,2.0,12.0
19039,4.0,6.0,10.0
19041,13.0,19.0,32.0
19043,7.0,4.0,11.0
19045,17.0,24.0,41.0
19047,3.0,3.0,6.0
19049,21.0,11.0,32.0
19051,4.0,2.0,6.0
19053,3.0,6.0,9.0
19055,4.0,2.0,6.0
19057,22.0,30.0,52.0
19059,9.0,8.0,17.0
19061,64.0,68.0,132.0
19063,6.0,1.0,7.0
19065,5.0,15.0,20.0
19067,8.0,6.0,14.0
19069,2.0,3.0,5.0
19071,,7.0,
19073,5.0,1.0,6.0
19075,8.0,4.0,12.0
19077,3.0,4.0,7.0
19079,7.0,9.0,16.0
19081,9.0,3.0,12.0
19083,10.0,5.0,15.0
19085,6.0,1.0,7.0
19087,1.0,4.0,5.0
19089,4.0,3.0,7.0
19091,4.0,3.0,7.0
19093,2.0,1.0,3.0
19095,8.0,8.0,16.0
19097,9.0,6.0,15.0
19099,17.0,16.0,33.0
19101,9.0,10.0,19.0
19103,207.0,242.0,449.0
19105,11.0,8.0,19.0
19107,3.0,3.0,6.0
19109,7.0,,
19111,19.0,17.0,36.0
19113,129.0,137.0,266.0
19115,1.0,1.0,2.0
19117,1.0,,
19119,3.0,4.0,7.0
19121,8.0,2.0,10.0
19123,8.0,5.0,13.0
19125,25.0,9.0,34.0
19127,22.0,21.0,43.0
19129,5.0,6.0,11.0
19131,3.0,1.0,4.0
19133,6.0,8.0,14.0
19135,2.0,1.0,3.0
19137,8.0,6.0,14.0
19139,23.0,29.0,52.0
19141,9.0,7.0,16.0
19143,2.0,1.0,3.0
19145,8.0,4.0,12.0
19147,3.0,4.0,7.0
19149,9.0,9.0,18.0
19151,3.0,2.0,5.0
19153,372.0,402.0,774.0
19155,57.0,52.0,109.0
19157,16.0,12.0,28.0
19159,3.0,2.0,5.0
19161,3.0,5.0,8.0
19163,116.0,122.0,238.0
19165,8.0,2.0,10.0
19167,24.0,6.0,30.0
19169,45.0,27.0,72.0
19171,6.0,8.0,14.0
19173,,1.0,
19175,7.0,5.0,12.0
19177,3.0,3.0,6.0
19179,14.0,19.0,33.0
19181,22.0,12.0,34.0
19183,16.0,6.0,22.0
19185,7.0,1.0,8.0
19187,13.0,42.0,55.0
19189,4.0,3.0,7.0
19191,18.0,15.0,33.0
19193,64.0,69.0,133.0
19195,,1.0,
19197,10.0,13.0,23.0
20001,9.0,5.0,14.0
20003,4.0,3.0,7.0
20005,10.0,7.0,17.0
20007,1.0,6.0,7.0
20009,8.0,27.0,35.0
20011,7.0,9.0,16.0
20013,7.0,6.0,13.0
20015,36.0,25.0,61.0
20019,1.0,1.0,2.0
20021,4.0,29.0,33.0
20023,1.0,3.0,4.0
20025,2.0,2.0,4.0
20027,11.0,2.0,13.0
20029,3.0,7.0,10.0
20031,7.0,2.0,9.0
20033,1.0,2.0,3.0
20035,19.0,15.0,34.0
20037,26.0,43.0,69.0
20039,,1.0,
20041,6.0,8.0,14.0
20043,1.0,1.0,2.0
20045,63.0,62.0,125.0
20047,3.0,,
20049,1.0,,
20051,21.0,47.0,68.0
20053,4.0,3.0,7.0
20055,15.0,23.0,38.0
20057,11.0,13.0,24.0
20059,10.0,6.0,16.0
20061,9.0,13.0,22.0
20063,4.0,1.0,5.0
20065,1.0,1.0,2.0
20067,2.0,1.0,3.0
20069,1.0,2.0,3.0
20071,2.0,1.0,3.0
20073,3.0,5.0,8.0
20075,,1.0,
20077,2.0,7.0,9.0
20079,24.0,29.0,53.0
20081,1.0,,
20083,1.0,1.0,2.0
20085,6.0,5.0,11.0
20087,5.0,8.0,13.0
20091,336.0,442.0,778.0
20093,2.0,6.0,8.0
20095,3.0,9.0,12.0
20097,2.0,2.0,4.0
20099,8.0,9.0,17.0
20101,1.0,1.0,2.0
20103,20.0,24.0,44.0
20105,2.0,3.0,5.0
20107,1.0,,
20109,3.0,2.0,5.0
20111,18.0,17.0,35.0
20113,19.0,12.0,31.0
20115,6.0,5.0,11.0
20117,5.0,,
20119,,2.0,
20121,10.0,9.0,19.0
20123,6.0,2.0,8.0
20125,11.0,31.0,42.0
20127,4.0,,
20129,1.0,1.0,2.0
20131,8.0,2.0,10.0
20133,7.0,11.0,18.0
20135,1.0,1.0,2.0
20137,4.0,2.0,6.0
20139,3.0,6.0,9.0
20141,1.0,3.0,4.0
20143,3.0,1.0,4.0
20145,2.0,7.0,9.0
20147,1.0,2.0,3.0
20149,10.0,3.0,13.0
20151,8.0,13.0,21.0
20153,,1.0,
20155,26.0,48.0,74.0
20157,4.0,5.0,9.0
20159,3.0,3.0,6.0
20161,33.0,48.0,81.0
20163,4.0,2.0,6.0
20165,,3.0,
20167,7.0,4.0,11.0
20169,47.0,41.0,88.0
20171,3.0,1.0,4.0
20173,371.0,472.0,843.0
20175,13.0,10.0,23.0
20177,107.0,227.0,334.0
20179,1.0,2.0,3.0
20181,4.0,6.0,10.0
20183,1.0,2.0,3.0
20185,,2.0,
20187,4.0,2.0,6.0
20189,2.0,,
20191,9.0,1.0,10.0
20193,6.0,8.0,14.0
20195,3.0,4.0,7.0
20197,1.0,,
20201,2.0,3.0,5.0
20203,2.0,1.0,3.0
20205,6.0,9.0,15.0
20207,1.0,,
20209,170.0,162.0,332.0
21001,4.0,10.0,14.0
21003,3.0,4.0,7.0
21005,3.0,6.0,9.0
21007,1.0,1.0,2.0
21009,32.0,35.0,67.0
21011,1.0,2.0,3.0
21013,16.0,21.0,37.0
21015,63.0,40.0,103.0
21017,11.0,4.0,15.0
21019,48.0,83.0,131.0
21021,19.0,31.0,50.0
21023,3.0,4.0,7.0
21025,8.0,6.0,14.0
21027,5.0,7.0,12.0
21029,14.0,20.0,34.0
21031,2.0,5.0,7.0
21033,5.0,6.0,11.0
21035,19.0,19.0,38.0
21037,38.0,49.0,87.0
21039,1.0,2.0,3.0
21041,5.0,3.0,8.0
21043,9.0,19.0,28.0
21045,4.0,6.0,10.0
21047,29.0,27.0,56.0
21049,15.0,23.0,38.0
21051,5.0,23.0,28.0
21053,5.0,6.0,11.0
21055,5.0,4.0,9.0
21057,5.0,7.0,12.0
21059,52.0,112.0,164.0
21061,,4.0,
21063,3.0,2.0,5.0
21065,4.0,10.0,14.0
21067,350.0,590.0,940.0
21069,7.0,10.0,17.0
21071,36.0,40.0,76.0
21073,19.0,20.0,39.0
21075,3.0,1.0,4.0
21077,1.0,3.0,4.0
21079,6.0,5.0,11.0
21081,14.0,3.0,17.0
21083,9.0,18.0,27.0
21085,18.0,14.0,32.0
21087,1.0,4.0,5.0
21089,13.0,13.0,26.0
21091,1.0,7.0,8.0
21093,35.0,78.0,113.0
21095,13.0,13.0,26.0
21097,7.0,12.0,19.0
21099,5.0,11.0,16.0
21101,27.0,25.0,52.0
21103,4.0,6.0,10.0
21105,2.0,,
21107,42.0,33.0,75.0
21109,,1.0,
21111,565.0,888.0,1453.0
21113,17.0,18.0,35.0
21115,14.0,10.0,24.0
21117,101.0,114.0,215.0
21119,1.0,3.0,4.0
21121,9.0,18.0,27.0
21123,2.0,2.0,4.0
21125,35.0,59.0,94.0
21127,8.0,11.0,19.0
21129,2.0,3.0,5.0
21131,4.0,3.0,7.0
21133,16.0,10.0,26.0
21135,5.0,10.0,15.0
21137,7.0,18.0,25.0
21139,4.0,11.0,15.0
21141,8.0,10.0,18.0
21143,1.0,3.0,4.0
21145,56.0,142.0,198.0
21147,5.0,14.0,19.0
21149,2.0,2.0,4.0
21151,36.0,38.0,74.0
21153,4.0,11.0,15.0
21155,7.0,12.0,19.0
21157,10.0,13.0,23.0
21159,3.0,3.0,6.0
21161,9.0,17.0,26.0
21163,5.0,8.0,13.0
21165,3.0,7.0,10.0
21167,7.0,6.0,13.0
21169,1.0,3.0,4.0
21171,6.0,6.0,12.0
21173,1.0,4.0,5.0
21175,7.0,4.0,11.0
21177,12.0,16.0,28.0
21179,14.0,33.0,47.0
21181,1.0,6.0,7.0
21183,8.0,15.0,23.0
21185,22.0,25.0,47.0
21187,1.0,2.0,3.0
21189,,6.0,
21191,3.0,4.0,7.0
21193,37.0,58.0,95.0
21195,61.0,68.0,129.0
21197,2.0,9.0,11.0
21199,32.0,46.0,78.0
21203,4.0,4.0,8.0
21205,24.0,36.0,60.0
21207,6.0,6.0,12.0
21209,20.0,19.0,39.0
21211,17.0,24.0,41.0
21213,5.0,9.0,14.0
21215,2.0,7.0,9.0
21217,14.0,18.0,32.0
21219,1.0,6.0,7.0
21221,3.0,5.0,8.0
21223,2.0,2.0,4.0
21225,5.0,5.0,10.0
21227,70.0,96.0,166.0
21229,4.0,2.0,6.0
21231,8.0,10.0,18.0
21233,2.0,16.0,18.0
21235,22.0,57.0,79.0
21237,3.0,7.0,10.0
21239,7.0,8.0,15.0
22001,17.0,13.0,30.0
22003,7.0,5.0,12.0
22005,35.0,47.0,82.0
22007,4.0,5.0,9.0
22009,9.0,11.0,20.0
22011,13.0,11.0,24.0
22013,,2.0,
22015,44.0,31.0,75.0
22017,219.0,211.0,430.0
22019,127.0,139.0,266.0
22021,2.0,4.0,6.0
22023,,1.0,
22025,2.0,7.0,9.0
22027,8.0,6.0,14.0
22029,7.0,3.0,10.0
22031,2.0,3.0,5.0
22033,334.0,388.0,722.0
22035,4.0,,
22037,1.0,13.0,14.0
22039,18.0,11.0,29.0
22041,6.0,7.0,13.0
22043,1.0,1.0,2.0
22045,33.0,26.0,59.0
22047,5.0,5.0,10.0
22049,2.0,2.0,4.0
22051,260.0,154.0,414.0
22053,12.0,10.0,22.0
22055,142.0,218.0,360.0
22057,31.0,26.0,57.0
22059,3.0,1.0,4.0
22061,20.0,17.0,37.0
22063,21.0,17.0,38.0
22065,1.0,,
22067,11.0,8.0,19.0
22069,12.0,9.0,21.0
22071,316.0,256.0,572.0
22073,111.0,148.0,259.0
22075,4.0,2.0,6.0
22077,9.0,3.0,12.0
22079,74.0,128.0,202.0
22081,4.0,4.0,8.0
22083,16.0,7.0,23.0
22085,5.0,2.0,7.0
22087,4.0,7.0,11.0
22089,14.0,12.0,26.0
22091,3.0,3.0,6.0
22093,7.0,,
22095,2.0,3.0,5.0
22097,48.0,29.0,77.0
22099,8.0,5.0,13.0
22101,21.0,14.0,35.0
22103,149.0,130.0,279.0
22105,45.0,85.0,130.0
22107,,1.0,
22109,43.0,68.0,111.0
22111,5.0,2.0,7.0
22113,16.0,14.0,30.0
22115,14.0,8.0,22.0
22117,15.0,9.0,24.0
22119,22.0,14.0,36.0
22121,7.0,4.0,11.0
22123,5.0,1.0,6.0
22125,1.0,,
22127,5.0,6.0,11.0
23001,90.0,160.0,250.0
23003,48.0,49.0,97.0
23005,308.0,394.0,702.0
23007,17.0,16.0,33.0
23009,44.0,31.0,75.0
23011,110.0,125.0,235.0
23013,5.0,6.0,11.0
23015,28.0,19.0,47.0
23017,21.0,3.0,24.0
23019,181.0,265.0,446.0
23021,3.0,,
23023,26.0,7.0,33.0
23025,28.0,17.0,45.0
23027,17.0,10.0,27.0
23029,7.0,6.0,13.0
23031,87.0,85.0,172.0
24001,50.0,57.0,107.0
24003,289.0,338.0,627.0
24005,314.0,288.0,602.0
24009,40.0,40.0,80.0
24011,14.0,6.0,20.0
24013,76.0,73.0,149.0
24015,33.0,26.0,59.0
24017,65.0,47.0,112.0
24019,16.0,12.0,28.0
24021,102.0,137.0,239.0
24023,16.0,14.0,30.0
24025,128.0,113.0,241.0
24027,126.0,108.0,234.0
24029,12.0,9.0,21.0
24031,633.0,386.0,1019.0
24033,399.0,214.0,613.0
24035,18.0,16.0,34.0
24037,40.0,40.0,80.0
24039,6.0,5.0,11.0
24041,24.0,36.0,60.0
24043,84.0,110.0,194.0
24045,59.0,124.0,183.0
24047,25.0,32.0,57.0
24510,1147.0,1005.0,2152.0
25001,119.0,136.0,255.0
25003,97.0,96.0,193.0
25005,215.0,256.0,471.0
25007,,1.0,
25009,467.0,379.0,846.0
25011,15.0,10.0,25.0
25013,361.0,465.0,826.0
25015,64.0,45.0,109.0
25017,920.0,775.0,1695.0
25019,3.0,8.0,11.0
25021,324.0,273.0,597.0
25023,177.0,211.0,388.0
25025,1325.0,787.0,2112.0
25027,610.0,571.0,1181.0
26001,4.0,2.0,6.0
26003,8.0,,
26005,18.0,16.0,34.0
26007,20.0,31.0,51.0
26009,7.0,1.0,8.0
26011,7.0,4.0,11.0
26013,,2.0,
26015,17.0,24.0,41.0
26017,51.0,43.0,94.0
26019,3.0,6.0,9.0
26021,80.0,60.0,140.0
26023,17.0,15.0,32.0
26025,69.0,114.0,183.0
26027,9.0,5.0,14.0
26029,21.0,2.0,23.0
26031,9.0,5.0,14.0
26033,17.0,20.0,37.0
26035,14.0,8.0,22.0
26037,18.0,9.0,27.0
26039,6.0,8.0,14.0
26041,17.0,15.0,32.0
26043,25.0,21.0,46.0
26045,21.0,10.0,31.0
26047,30.0,51.0,81.0
26049,347.0,202.0,549.0
26051,6.0,5.0,11.0
26053,5.0,3.0,8.0
26055,142.0,148.0,290.0
26057,21.0,27.0,48.0
26059,14.0,14.0,28.0
26061,21.0,19.0,40.0
26063,20.0,13.0,33.0
26065,299.0,191.0,490.0
26067,16.0,9.0,25.0
26069,5.0,13.0,18.0
26071,6.0,5.0,11.0
26073,5.0,9.0,14.0
26075,70.0,95.0,165.0
26077,229.0,254.0,483.0
26079,7.0,4.0,11.0
26081,535.0,817.0,1352.0
26085,3.0,3.0,6.0
26087,25.0,15.0,40.0
26089,5.0,5.0,10.0
26091,34.0,25.0,59.0
26093,78.0,45.0,123.0
26095,4.0,3.0,7.0
26097,6.0,1.0,7.0
26099,384.0,185.0,569.0
26101,11.0,14.0,25.0
26103,67.0,61.0,128.0
26105,15.0,12.0,27.0
26107,8.0,9.0,17.0
26109,2.0,4.0,6.0
26111,74.0,78.0,152.0
26113,2.0,1.0,3.0
26115,40.0,26.0,66.0
26117,28.0,25.0,53.0
26119,4.0,7.0,11.0
26121,123.0,148.0,271.0
26123,10.0,20.0,30.0
26125,1076.0,739.0,1815.0
26127,6.0,3.0,9.0
26129,4.0,18.0,22.0
26131,,1.0,
26133,4.0,6.0,10.0
26135,,3.0,
26137,17.0,13.0,30.0
26139,122.0,96.0,218.0
26141,4.0,11.0,15.0
26143,7.0,12.0,19.0
26145,199.0,153.0,352.0
26147,47.0,55.0,102.0
26149,16.0,11.0,27.0
26151,11.0,8.0,19.0
26153,2.0,3.0,5.0
26155,30.0,32.0,62.0
26157,20.0,19.0,39.0
26159,22.0,22.0,44.0
26161,597.0,578.0,1175.0
26163,1171.0,675.0,1846.0
26165,23.0,26.0,49.0
27001,10.0,4.0,14.0
27003,160.0,144.0,304.0
27005,25.0,29.0,54.0
27007,34.0,35.0,69.0
27009,1.0,3.0,4.0
27011,6.0,3.0,9.0
27013,56.0,86.0,142.0
27015,18.0,9.0,27.0
27017,30.0,17.0,47.0
27019,61.0,42.0,103.0
27021,8.0,11.0,19.0
27023,8.0,4.0,12.0
27025,26.0,27.0,53.0
27027,13.0,12.0,25.0
27029,2.0,3.0,5.0
27031,5.0,1.0,6.0
27033,8.0,5.0,13.0
27035,57.0,47.0,104.0
27037,193.0,136.0,329.0
27041,38.0,22.0,60.0
27043,3.0,3.0,6.0
27045,5.0,5.0,10.0
27047,17.0,31.0,48.0
27049,26.0,25.0,51.0
27051,2.0,5.0,7.0
27053,1178.0,1213.0,2391.0
27055,8.0,7.0,15.0
27057,9.0,8.0,17.0
27059,36.0,8.0,44.0
27061,34.0,25.0,59.0
27063,4.0,3.0,7.0
27065,11.0,7.0,18.0
27067,36.0,28.0,64.0
27069,2.0,1.0,3.0
27071,8.0,7.0,15.0
27073,6.0,1.0,7.0
27075,10.0,,
27077,2.0,,
27079,16.0,8.0,24.0
27081,5.0,6.0,11.0
27083,17.0,20.0,37.0
27085,33.0,15.0,48.0
27087,1.0,6.0,7.0
27089,,4.0,
27091,15.0,20.0,35.0
27093,9.0,2.0,11.0
27095,30.0,17.0,47.0
27097,11.0,7.0,18.0
27099,16.0,23.0,39.0
27101,,3.0,
27103,14.0,11.0,25.0
27105,15.0,13.0,28.0
27107,2.0,4.0,6.0
27109,469.0,571.0,1040.0
27111,30.0,26.0,56.0
27113,12.0,3.0,15.0
27115,6.0,7.0,13.0
27117,5.0,1.0,6.0
27119,20.0,12.0,32.0
27121,8.0,2.0,10.0
27123,450.0,365.0,815.0
27127,5.0,6.0,11.0
27129,7.0,2.0,9.0
27131,46.0,23.0,69.0
27133,8.0,1.0,9.0
27135,9.0,7.0,16.0
27137,245.0,256.0,501.0
27139,39.0,25.0,64.0
27141,20.0,27.0,47.0
27143,2.0,1.0,3.0
27145,95.0,126.0,221.0
27147,25.0,17.0,42.0
27149,6.0,,
27151,6.0,5.0,11.0
27153,16.0,5.0,21.0
27155,,2.0,
27157,13.0,9.0,22.0
27159,8.0,1.0,9.0
27161,4.0,1.0,5.0
27163,177.0,148.0,325.0
27165,4.0,4.0,8.0
27169,20.0,34.0,54.0
27171,55.0,50.0,105.0
27173,8.0,5.0,13.0
28001,9.0,8.0,17.0
28003,27.0,40.0,67.0
28005,3.0,6.0,9.0
28007,11.0,7.0,18.0
28009,2.0,3.0,5.0
28011,15.0,16.0,31.0
28013,5.0,2.0,7.0
28015,,3.0,
28017,4.0,8.0,12.0
28019,3.0,2.0,5.0
28021,2.0,7.0,9.0
28023,2.0,4.0,6.0
28025,8.0,7.0,15.0
28027,7.0,12.0,19.0
28029,9.0,4.0,13.0
28031,8.0,7.0,15.0
28033,60.0,77.0,137.0
28035,92.0,129.0,221.0
28037,2.0,2.0,4.0
28039,10.0,6.0,16.0
28041,,8.0,
28043,12.0,14.0,26.0
28045,4.0,15.0,19.0
28047,76.0,148.0,224.0
28049,236.0,325.0,561.0
28051,5.0,8.0,13.0
28053,1.0,2.0,3.0
28057,5.0,13.0,18.0
28059,64.0,81.0,145.0
28061,2.0,1.0,3.0
28063,1.0,,
28065,2.0,1.0,3.0
28067,28.0,55.0,83.0
28069,2.0,2.0,4.0
28071,18.0,35.0,53.0
28073,6.0,9.0,15.0
28075,38.0,79.0,117.0
28077,3.0,3.0,6.0
28079,4.0,5.0,9.0
28081,63.0,161.0,224.0
28083,19.0,8.0,27.0
28085,14.0,30.0,44.0
28087,22.0,54.0,76.0
28089,39.0,36.0,75.0
28091,11.0,9.0,20.0
28093,9.0,14.0,23.0
28095,16.0,22.0,38.0
28097,3.0,3.0,6.0
28099,6.0,10.0,16.0
28101,5.0,9.0,14.0
28103,3.0,6.0,9.0
28105,14.0,20.0,34.0
28107,5.0,11.0,16.0
28109,13.0,18.0,31.0
28111,2.0,2.0,4.0
28113,19.0,34.0,53.0
28115,3.0,12.0,15.0
28117,8.0,17.0,25.0
28119,1.0,3.0,4.0
28121,49.0,70.0,119.0
28123,11.0,9.0,20.0
28125,4.0,,
28127,7.0,4.0,11.0
28129,1.0,4.0,5.0
28131,7.0,5.0,12.0
28133,7.0,1.0,8.0
28135,4.0,3.0,7.0
28137,6.0,11.0,17.0
28139,4.0,15.0,19.0
28141,8.0,8.0,16.0
28143,1.0,4.0,5.0
28145,12.0,27.0,39.0
28147,5.0,3.0,8.0
28149,25.0,21.0,46.0
28151,14.0,27.0,41.0
28153,5.0,5.0,10.0
28155,5.0,9.0,14.0
28157,4.0,1.0,5.0
28159,4.0,10.0,14.0
28161,2.0,4.0,6.0
28163,6.0,5.0,11.0
29001,29.0,8.0,37.0
29003,1.0,1.0,2.0
29005,2.0,5.0,7.0
29007,9.0,8.0,17.0
29009,15.0,12.0,27.0
29011,5.0,2.0,7.0
29013,,3.0,
29015,5.0,7.0,12.0
29019,165.0,131.0,296.0
29021,45.0,70.0,115.0
29023,31.0,39.0,70.0
29025,2.0,1.0,3.0
29027,18.0,7.0,25.0
29029,14.0,13.0,27.0
29031,66.0,90.0,156.0
29033,3.0,4.0,7.0
29035,1.0,2.0,3.0
29037,27.0,36.0,63.0
29039,3.0,5.0,8.0
29041,2.0,1.0,3.0
29043,21.0,17.0,38.0
29045,2.0,,
29047,82.0,78.0,160.0
29049,10.0,11.0,21.0
29051,65.0,50.0,115.0
29053,4.0,2.0,6.0
29055,2.0,6.0,8.0
29057,3.0,2.0,5.0
29059,2.0,4.0,6.0
29061,2.0,1.0,3.0
29063,1.0,,
29065,6.0,2.0,8.0
29067,4.0,7.0,11.0
29069,7.0,14.0,21.0
29071,48.0,42.0,90.0
29073,5.0,2.0,7.0
29075,4.0,1.0,5.0
29077,247.0,314.0,561.0
29079,4.0,3.0,7.0
29081,3.0,2.0,5.0
29083,12.0,11.0,23.0
29085,1.0,,
29087,1.0,3.0,4.0
29089,3.0,4.0,7.0
29091,30.0,27.0,57.0
29093,,5.0,
29095,531.0,505.0,1036.0
29097,90.0,110.0,200.0
29099,58.0,54.0,112.0
29101,15.0,13.0,28.0
29103,1.0,1.0,2.0
29105,19.0,19.0,38.0
29107,11.0,12.0,23.0
29109,13.0,11.0,24.0
29111,2.0,2.0,4.0
29113,4.0,11.0,15.0
29115,4.0,2.0,6.0
29117,4.0,2.0,6.0
29119,2.0,4.0,6.0
29121,6.0,6.0,12.0
29123,4.0,3.0,7.0
29125,3.0,1.0,4.0
29127,27.0,23.0,50.0
29129,1.0,,
29131,7.0,4.0,11.0
29133,3.0,1.0,4.0
29135,1.0,4.0,5.0
29137,2.0,,
29139,1.0,2.0,3.0
29141,6.0,2.0,8.0
29143,,3.0,
29145,13.0,4.0,17.0
29147,10.0,5.0,15.0
29151,1.0,1.0,2.0
29153,,2.0,
29155,7.0,3.0,10.0
29157,7.0,3.0,10.0
29159,18.0,9.0,27.0
29161,33.0,35.0,68.0
29163,10.0,1.0,11.0
29165,10.0,19.0,29.0
29167,9.0,12.0,21.0
29169,8.0,9.0,17.0
29171,2.0,,
29173,1.0,,
29175,8.0,5.0,13.0
29177,4.0,5.0,9.0
29179,1.0,3.0,4.0
29181,2.0,3.0,5.0
29183,77.0,74.0,151.0
29185,3.0,2.0,5.0
29186,,3.0,
29187,39.0,38.0,77.0
29189,304.0,212.0,516.0
29195,16.0,8.0,24.0
29197,,1.0,
29199,3.0,1.0,4.0
29201,22.0,19.0,41.0
29203,3.0,1.0,4.0
29205,,2.0,
29207,6.0,6.0,12.0
29209,1.0,4.0,5.0
29211,5.0,1.0,6.0
29213,27.0,33.0,60.0
29215,12.0,4.0,16.0
29217,11.0,7.0,18.0
29219,6.0,5.0,11.0
29221,7.0,5.0,12.0
29223,1.0,4.0,5.0
29225,6.0,11.0,17.0
29227,,1.0,
29229,7.0,8.0,15.0
29510,784.0,668.0,1452.0
30001,5.0,3.0,8.0
30003,10.0,3.0,13.0
30005,1.0,4.0,5.0
30007,1.0,1.0,2.0
30009,6.0,2.0,8.0
30011,,2.0,
30013,53.0,73.0,126.0
30015,,4.0,
30017,7.0,8.0,15.0
30019,1.0,2.0,3.0
30021,2.0,6.0,8.0
30023,4.0,9.0,13.0
30025,,3.0,
30027,7.0,5.0,12.0
30029,75.0,107.0,182.0
30031,66.0,73.0,139.0
30033,,1.0,
30035,8.0,7.0,15.0
30041,8.0,12.0,20.0
30043,3.0,2.0,5.0
30045,,1.0,
30047,18.0,10.0,28.0
30049,33.0,57.0,90.0
30051,,3.0,
30053,9.0,12.0,21.0
30055,,1.0,
30057,3.0,2.0,5.0
30061,,3.0,
30063,76.0,114.0,190.0
30065,,2.0,
30067,13.0,9.0,22.0
30071,,1.0,
30073,4.0,4.0,8.0
30075,,1.0,
30077,2.0,3.0,5.0
30079,,1.0,
30081,24.0,16.0,40.0
30083,6.0,2.0,8.0
30085,6.0,5.0,11.0
30087,2.0,6.0,8.0
30089,2.0,2.0,4.0
30091,1.0,1.0,2.0
30093,22.0,33.0,55.0
30095,2.0,4.0,6.0
30097,1.0,2.0,3.0
30099,1.0,6.0,7.0
30101,9.0,2.0,11.0
30105,6.0,7.0,13.0
30107,,2.0,
30111,146.0,185.0,331.0
31001,19.0,35.0,54.0
31003,2.0,5.0,7.0
31011,7.0,6.0,13.0
31013,1.0,8.0,9.0
31015,1.0,,
31017,2.0,3.0,5.0
31019,33.0,66.0,99.0
31021,1.0,3.0,4.0
31023,6.0,2.0,8.0
31025,1.0,5.0,6.0
31027,2.0,,
31029,2.0,2.0,4.0
31031,2.0,1.0,3.0
31033,6.0,9.0,15.0
31035,1.0,2.0,3.0
31037,3.0,3.0,6.0
31039,6.0,3.0,9.0
31041,6.0,3.0,9.0
31043,6.0,4.0,10.0
31045,6.0,3.0,9.0
31047,13.0,6.0,19.0
31051,2.0,2.0,4.0
31053,13.0,19.0,32.0
31055,486.0,576.0,1062.0
31057,1.0,2.0,3.0
31059,3.0,6.0,9.0
31061,2.0,3.0,5.0
31063,,1.0,
31065,3.0,2.0,5.0
31067,4.0,7.0,11.0
31069,,1.0,
31071,1.0,1.0,2.0
31079,32.0,53.0,85.0
31081,6.0,4.0,10.0
31083,4.0,1.0,5.0
31089,3.0,3.0,6.0
31091,2.0,,
31093,3.0,5.0,8.0
31095,4.0,1.0,5.0
31097,2.0,4.0,6.0
31099,2.0,3.0,5.0
31101,4.0,6.0,10.0
31105,1.0,2.0,3.0
31107,5.0,7.0,12.0
31109,170.0,310.0,480.0
31111,24.0,37.0,61.0
31119,29.0,67.0,96.0
31121,2.0,3.0,5.0
31123,4.0,5.0,9.0
31125,,2.0,
31127,5.0,,
31129,3.0,4.0,7.0
31131,8.0,6.0,14.0
31133,,1.0,
31135,4.0,3.0,7.0
31137,6.0,10.0,16.0
31139,3.0,3.0,6.0
31141,14.0,15.0,29.0
31143,1.0,1.0,2.0
31145,1.0,1.0,2.0
31147,1.0,3.0,4.0
31149,,3.0,
31151,11.0,8.0,19.0
31153,51.0,45.0,96.0
31155,4.0,5.0,9.0
31157,20.0,45.0,65.0
31159,10.0,1.0,11.0
31161,2.0,3.0,5.0
31167,,1.0,
31169,4.0,3.0,7.0
31173,9.0,6.0,15.0
31175,5.0,8.0,13.0
31177,7.0,9.0,16.0
31179,3.0,2.0,5.0
31181,2.0,2.0,4.0
31185,9.0,10.0,19.0
32001,12.0,7.0,19.0
32003,875.0,729.0,1604.0
32005,17.0,12.0,29.0
32007,15.0,12.0,27.0
32011,,1.0,
32013,4.0,1.0,5.0
32017,2.0,3.0,5.0
32019,6.0,14.0,20.0
32021,2.0,1.0,3.0
32023,22.0,21.0,43.0
32027,2.0,,
32031,279.0,288.0,567.0
32033,6.0,,
32510,41.0,60.0,101.0
33001,37.0,36.0,73.0
33003,25.0,17.0,42.0
33005,51.0,60.0,111.0
33007,29.0,20.0,49.0
33009,169.0,191.0,360.0
33011,252.0,361.0,613.0
33013,131.0,171.0,302.0
33015,145.0,169.0,314.0
33017,88.0,105.0,193.0
33019,10.0,12.0,22.0
34001,135.0,122.0,257.0
34003,464.0,277.0,741.0
34005,224.0,147.0,371.0
34007,301.0,263.0,564.0
34009,39.0,42.0,81.0
34011,77.0,43.0,120.0
34013,183.0,110.0,293.0
34015,134.0,102.0,236.0
34017,268.0,92.0,360.0
34019,104.0,47.0,151.0
34021,196.0,121.0,317.0
34023,334.0,146.0,480.0
34025,408.0,272.0,680.0
34027,324.0,230.0,554.0
34029,170.0,124.0,294.0
34031,170.0,68.0,238.0
34033,24.0,13.0,37.0
34035,179.0,127.0,306.0
34037,57.0,26.0,83.0
34039,166.0,79.0,245.0
34041,74.0,33.0,107.0
35001,513.0,561.0,1074.0
35003,2.0,,
35005,30.0,38.0,68.0
35006,6.0,9.0,15.0
35007,8.0,7.0,15.0
35009,16.0,18.0,34.0
35011,1.0,2.0,3.0
35013,101.0,93.0,194.0
35015,11.0,30.0,41.0
35017,21.0,21.0,42.0
35019,5.0,6.0,11.0
35021,,1.0,
35023,1.0,3.0,4.0
35025,31.0,31.0,62.0
35027,12.0,4.0,16.0
35028,18.0,12.0,30.0
35029,7.0,16.0,23.0
35031,63.0,27.0,90.0
35033,,2.0,
35035,17.0,34.0,51.0
35037,4.0,5.0,9.0
35039,10.0,2.0,12.0
35041,12.0,6.0,18.0
35043,44.0,42.0,86.0
35045,80.0,67.0,147.0
35047,16.0,19.0,35.0
35049,104.0,85.0,189.0
35051,4.0,5.0,9.0
35053,6.0,8.0,14.0
35055,19.0,15.0,34.0
35057,4.0,6.0,10.0
35059,4.0,1.0,5.0
35061,14.0,19.0,33.0
36001,230.0,333.0,563.0
36003,13.0,23.0,36.0
36005,837.0,391.0,1228.0
36007,139.0,182.0,321.0
36009,40.0,48.0,88.0
36011,29.0,48.0,77.0
36013,59.0,90.0,149.0
36015,72.0,76.0,148.0
36017,19.0,28.0,47.0
36019,45.0,66.0,111.0
36021,24.0,44.0,68.0
36023,24.0,32.0,56.0
36025,18.0,24.0,42.0
36027,165.0,189.0,354.0
36029,551.0,962.0,1513.0
36031,21.0,9.0,30.0
36033,24.0,45.0,69.0
36035,23.0,33.0,56.0
36037,23.0,33.0,56.0
36039,9.0,16.0,25.0
36041,1.0,2.0,3.0
36043,17.0,22.0,39.0
36045,50.0,82.0,132.0
36047,1451.0,451.0,1902.0
36049,11.0,12.0,23.0
36051,31.0,20.0,51.0
36053,27.0,37.0,64.0
36055,739.0,879.0,1618.0
36057,32.0,27.0,59.0
36059,1076.0,586.0,1662.0
36061,1936.0,961.0,2897.0
36063,108.0,85.0,193.0
36065,171.0,223.0,394.0
36067,337.0,565.0,902.0
36069,69.0,92.0,161.0
36071,264.0,196.0,460.0
36073,8.0,6.0,14.0
36075,39.0,38.0,77.0
36077,53.0,116.0,169.0
36079,24.0,5.0,29.0
36081,2.0,,
36083,65.0,77.0,142.0
36085,278.0,119.0,397.0
36087,138.0,110.0,248.0
36089,57.0,71.0,128.0
36091,69.0,90.0,159.0
36093,106.0,121.0,227.0
36095,12.0,9.0,21.0
36097,11.0,7.0,18.0
36099,13.0,13.0,26.0
36101,46.0,60.0,106.0
36103,857.0,643.0,1500.0
36105,15.0,12.0,27.0
36107,11.0,15.0,26.0
36109,60.0,63.0,123.0
36111,97.0,51.0,148.0
36113,58.0,77.0,135.0
36115,22.0,23.0,45.0
36117,21.0,33.0,54.0
36119,647.0,295.0,942.0
36121,15.0,22.0,37.0
36123,13.0,13.0,26.0
37001,65.0,64.0,129.0
37003,9.0,10.0,19.0
37005,4.0,6.0,10.0
37007,8.0,4.0,12.0
37009,10.0,11.0,21.0
37011,9.0,6.0,15.0
37013,15.0,25.0,40.0
37015,6.0,10.0,16.0
37017,7.0,7.0,14.0
37019,53.0,58.0,111.0
37021,270.0,366.0,636.0
37023,58.0,52.0,110.0
37025,143.0,140.0,283.0
37027,31.0,31.0,62.0
37031,29.0,53.0,82.0
37033,5.0,10.0,15.0
37035,93.0,155.0,248.0
37037,13.0,13.0,26.0
37039,5.0,10.0,15.0
37041,7.0,7.0,14.0
37043,3.0,6.0,9.0
37045,62.0,61.0,123.0
37047,43.0,30.0,73.0
37049,62.0,76.0,138.0
37051,149.0,186.0,335.0
37053,7.0,1.0,8.0
37055,20.0,21.0,41.0
37057,43.0,58.0,101.0
37059,10.0,16.0,26.0
37061,16.0,15.0,31.0
37063,332.0,432.0,764.0
37065,18.0,17.0,35.0
37067,100.0,109.0,209.0
37069,15.0,10.0,25.0
37071,109.0,139.0,248.0
37073,,4.0,
37075,3.0,3.0,6.0
37077,19.0,19.0,38.0
37079,7.0,4.0,11.0
37081,296.0,401.0,697.0
37083,22.0,25.0,47.0
37085,24.0,39.0,63.0
37087,40.0,26.0,66.0
37089,87.0,85.0,172.0
37091,15.0,10.0,25.0
37093,11.0,19.0,30.0
37095,1.0,2.0,3.0
37097,90.0,137.0,227.0
37099,27.0,34.0,61.0
37101,55.0,76.0,131.0
37103,7.0,5.0,12.0
37105,28.0,40.0,68.0
37107,26.0,26.0,52.0
37109,44.0,26.0,70.0
37111,11.0,12.0,23.0
37113,23.0,8.0,31.0
37115,10.0,7.0,17.0
37117,9.0,6.0,15.0
37119,759.0,1101.0,1860.0
37121,7.0,8.0,15.0
37123,5.0,11.0,16.0
37125,73.0,115.0,188.0
37127,46.0,72.0,118.0
37129,177.0,304.0,481.0
37131,3.0,3.0,6.0
37133,35.0,70.0,105.0
37135,223.0,182.0,405.0
37137,4.0,1.0,5.0
37139,18.0,28.0,46.0
37141,15.0,14.0,29.0
37143,2.0,,
37145,15.0,18.0,33.0
37147,180.0,192.0,372.0
37149,12.0,8.0,20.0
37151,51.0,52.0,103.0
37153,16.0,14.0,30.0
37155,53.0,74.0,127.0
37157,36.0,27.0,63.0
37159,54.0,66.0,120.0
37161,22.0,42.0,64.0
37163,24.0,16.0,40.0
37165,30.0,26.0,56.0
37167,34.0,27.0,61.0
37169,16.0,18.0,34.0
37171,34.0,49.0,83.0
37173,17.0,16.0,33.0
37175,13.0,10.0,23.0
37177,,1.0,
37179,71.0,77.0,148.0
37181,22.0,25.0,47.0
37183,473.0,748.0,1221.0
37185,1.0,2.0,3.0
37187,3.0,3.0,6.0
37189,30.0,35.0,65.0
37191,51.0,68.0,119.0
37193,27.0,29.0,56.0
37195,37.0,47.0,84.0
37197,11.0,12.0,23.0
37199,8.0,4.0,12.0
38001,8.0,1.0,9.0
38003,8.0,8.0,16.0
38005,,2.0,
38009,2.0,2.0,4.0
38011,,1.0,
38015,100.0,149.0,249.0
38017,136.0,218.0,354.0
38019,2.0,3.0,5.0
38021,3.0,9.0,12.0
38023,,1.0,
38025,,3.0,
38029,2.0,3.0,5.0
38031,1.0,3.0,4.0
38035,73.0,75.0,148.0
38037,1.0,5.0,6.0
38039,1.0,4.0,5.0
38043,,1.0,
38045,,1.0,
38049,,2.0,
38051,1.0,6.0,7.0
38053,,5.0,
38055,1.0,9.0,10.0
38057,8.0,10.0,18.0
38059,14.0,5.0,19.0
38061,4.0,10.0,14.0
38063,3.0,1.0,4.0
38065,,1.0,
38067,2.0,4.0,6.0
38069,3.0,5.0,8.0
38071,9.0,7.0,16.0
38073,3.0,7.0,10.0
38077,9.0,8.0,17.0
38079,7.0,11.0,18.0
38083,,1.0,
38085,1.0,1.0,2.0
38089,14.0,13.0,27.0
38093,17.0,19.0,36.0
38095,1.0,4.0,5.0
38097,4.0,4.0,8.0
38099,5.0,1.0,6.0
38101,43.0,64.0,107.0
38103,2.0,4.0,6.0
38105,15.0,19.0,34.0
39001,11.0,11.0,22.0
39003,77.0,153.0,230.0
39005,22.0,19.0,41.0
39007,35.0,25.0,60.0
39009,49.0,40.0,89.0
39011,15.0,7.0,22.0
39013,32.0,39.0,71.0
39015,12.0,12.0,24.0
39017,134.0,100.0,234.0
39019,8.0,1.0,9.0
39021,11.0,6.0,17.0
39023,69.0,47.0,116.0
39025,38.0,31.0,69.0
39027,20.0,20.0,40.0
39029,61.0,34.0,95.0
39031,7.0,14.0,21.0
39033,22.0,18.0,40.0
39035,1210.0,1427.0,2637.0
39037,24.0,5.0,29.0
39039,25.0,21.0,46.0
39041,50.0,39.0,89.0
39043,51.0,38.0,89.0
39045,104.0,77.0,181.0
39047,13.0,11.0,24.0
39049,1101.0,1075.0,2176.0
39051,17.0,18.0,35.0
39053,29.0,35.0,64.0
39055,36.0,22.0,58.0
39057,94.0,41.0,135.0
39059,19.0,16.0,35.0
39061,741.0,644.0,1385.0
39063,30.0,54.0,84.0
39065,14.0,8.0,22.0
39067,4.0,,
39069,8.0,3.0,11.0
39071,12.0,15.0,27.0
39073,8.0,8.0,16.0
39075,13.0,11.0,24.0
39077,45.0,42.0,87.0
39079,13.0,20.0,33.0
39081,27.0,58.0,85.0
39083,25.0,23.0,48.0
39085,102.0,123.0,225.0
39087,19.0,17.0,36.0
39089,72.0,47.0,119.0
39091,21.0,13.0,34.0
39093,96.0,129.0,225.0
39095,323.0,395.0,718.0
39097,15.0,7.0,22.0
39099,183.0,131.0,314.0
39101,35.0,36.0,71.0
39103,68.0,57.0,125.0
39105,6.0,4.0,10.0
39107,13.0,10.0,23.0
39109,42.0,47.0,89.0
39111,3.0,4.0,7.0
39113,519.0,400.0,919.0
39115,2.0,3.0,5.0
39117,8.0,,
39119,45.0,74.0,119.0
39121,2.0,6.0,8.0
39123,21.0,5.0,26.0
39125,5.0,6.0,11.0
39127,10.0,10.0,20.0
39129,20.0,17.0,37.0
39131,10.0,11.0,21.0
39133,52.0,47.0,99.0
39135,11.0,13.0,24.0
39137,13.0,7.0,20.0
39139,54.0,62.0,116.0
39141,37.0,54.0,91.0
39143,22.0,26.0,48.0
39145,30.0,82.0,112.0
39147,20.0,16.0,36.0
39149,17.0,11.0,28.0
39151,243.0,178.0,421.0
39153,403.0,317.0,720.0
39155,91.0,31.0,122.0
39157,43.0,24.0,67.0
39159,18.0,22.0,40.0
39161,11.0,12.0,23.0
39165,94.0,56.0,150.0
39167,66.0,80.0,146.0
39169,53.0,39.0,92.0
39171,20.0,14.0,34.0
39173,55.0,59.0,114.0
39175,10.0,10.0,20.0
40001,9.0,6.0,15.0
40003,2.0,2.0,4.0
40005,3.0,1.0,4.0
40007,1.0,1.0,2.0
40009,14.0,15.0,29.0
40011,6.0,6.0,12.0
40013,30.0,20.0,50.0
40015,9.0,6.0,15.0
40017,42.0,46.0,88.0
40019,31.0,34.0,65.0
40021,40.0,26.0,66.0
40023,5.0,8.0,13.0
40025,2.0,,
40027,74.0,103.0,177.0
40029,2.0,2.0,4.0
40031,65.0,37.0,102.0
40033,1.0,1.0,2.0
40035,6.0,11.0,17.0
40037,25.0,11.0,36.0
40039,10.0,16.0,26.0
40041,18.0,14.0,32.0
40043,1.0,,
40045,2.0,1.0,3.0
40047,41.0,28.0,69.0
40049,14.0,11.0,25.0
40051,9.0,12.0,21.0
40053,,2.0,
40055,,1.0,
40057,2.0,2.0,4.0
40059,1.0,2.0,3.0
40061,7.0,10.0,17.0
40063,2.0,5.0,7.0
40065,15.0,12.0,27.0
40067,3.0,1.0,4.0
40069,7.0,10.0,17.0
40071,14.0,16.0,30.0
40073,6.0,9.0,15.0
40075,2.0,5.0,7.0
40077,4.0,,
40079,22.0,31.0,53.0
40081,12.0,5.0,17.0
40083,6.0,6.0,12.0
40085,2.0,,
40087,10.0,16.0,26.0
40089,11.0,13.0,24.0
40091,6.0,7.0,13.0
40093,2.0,,
40095,4.0,5.0,9.0
40097,18.0,10.0,28.0
40099,4.0,2.0,6.0
40101,26.0,31.0,57.0
40103,4.0,1.0,5.0
40105,3.0,3.0,6.0
40107,2.0,5.0,7.0
40109,586.0,586.0,1172.0
40111,16.0,12.0,28.0
40113,10.0,10.0,20.0
40115,17.0,17.0,34.0
40117,8.0,5.0,13.0
40119,37.0,28.0,65.0
40121,26.0,29.0,55.0
40123,34.0,51.0,85.0
40125,32.0,33.0,65.0
40127,3.0,7.0,10.0
40129,1.0,1.0,2.0
40131,27.0,28.0,55.0
40133,9.0,17.0,26.0
40135,10.0,10.0,20.0
40137,20.0,26.0,46.0
40139,9.0,4.0,13.0
40141,2.0,3.0,5.0
40143,647.0,463.0,1110.0
40145,17.0,8.0,25.0
40147,28.0,32.0,60.0
40149,1.0,1.0,2.0
40151,4.0,5.0,9.0
40153,6.0,8.0,14.0
41001,10.0,5.0,15.0
41003,75.0,87.0,162.0
41005,157.0,82.0,239.0
41007,20.0,16.0,36.0
41009,12.0,13.0,25.0
41011,40.0,46.0,86.0
41013,8.0,5.0,13.0
41015,17.0,11.0,28.0
41017,138.0,179.0,317.0
41019,71.0,58.0,129.0
41021,,2.0,
41023,2.0,1.0,3.0
41025,7.0,1.0,8.0
41027,23.0,15.0,38.0
41029,180.0,218.0,398.0
41031,11.0,4.0,15.0
41033,64.0,70.0,134.0
41035,48.0,44.0,92.0
41037,5.0,1.0,6.0
41039,220.0,209.0,429.0
41041,26.0,25.0,51.0
41043,83.0,25.0,108.0
41045,8.0,15.0,23.0
41047,179.0,157.0,336.0
41049,3.0,3.0,6.0
41051,873.0,694.0,1567.0
41053,11.0,9.0,20.0
41055,,1.0,
41057,9.0,11.0,20.0
41059,15.0,19.0,34.0
41061,9.0,11.0,20.0
41063,7.0,4.0,11.0
41065,20.0,12.0,32.0
41067,206.0,141.0,347.0
41071,61.0,31.0,92.0
42001,52.0,44.0,96.0
42003,1128.0,948.0,2076.0
42005,24.0,23.0,47.0
42007,73.0,65.0,138.0
42009,18.0,14.0,32.0
42011,266.0,206.0,472.0
42013,86.0,92.0,178.0
42015,70.0,92.0,162.0
42017,309.0,210.0,519.0
42019,82.0,69.0,151.0
42021,116.0,93.0,209.0
42023,2.0,3.0,5.0
42025,34.0,34.0,68.0
42027,90.0,120.0,210.0
42029,284.0,211.0,495.0
42031,19.0,9.0,28.0
42033,43.0,77.0,120.0
42035,13.0,9.0,22.0
42037,33.0,24.0,57.0
42039,52.0,40.0,92.0
42041,171.0,167.0,338.0
42043,328.0,414.0,742.0
42045,288.0,151.0,439.0
42047,15.0,18.0,33.0
42049,232.0,231.0,463.0
42051,64.0,63.0,127.0
42053,,1.0,
42055,125.0,106.0,231.0
42057,1.0,2.0,3.0
42059,20.0,9.0,29.0
42061,18.0,7.0,25.0
42063,42.0,19.0,61.0
42065,17.0,17.0,34.0
42067,9.0,11.0,20.0
42069,190.0,189.0,379.0
42071,359.0,350.0,709.0
42073,35.0,28.0,63.0
42075,82.0,63.0,145.0
42077,319.0,446.0,765.0
42079,119.0,78.0,197.0
42081,101.0,115.0,216.0
42083,18.0,15.0,33.0
42085,63.0,52.0,115.0
42087,21.0,23.0,44.0
42089,60.0,81.0,141.0
42091,624.0,405.0,1029.0
42093,100.0,173.0,273.0
42095,268.0,273.0,541.0
42097,38.0,26.0,64.0
42099,18.0,6.0,24.0
42101,1325.0,854.0,2179.0
42103,11.0,2.0,13.0
42105,5.0,15.0,20.0
42107,69.0,49.0,118.0
42109,18.0,16.0,34.0
42111,32.0,21.0,53.0
42113,4.0,1.0,5.0
42115,11.0,2.0,13.0
42117,26.0,18.0,44.0
42119,33.0,58.0,91.0
42121,28.0,37.0,65.0
42123,21.0,31.0,52.0
42125,96.0,73.0,169.0
42127,8.0,19.0,27.0
42129,185.0,118.0,303.0
42131,13.0,8.0,21.0
42133,316.0,247.0,563.0
44003,80.0,72.0,152.0
44005,18.0,16.0,34.0
44007,455.0,334.0,789.0
44009,58.0,53.0,111.0
45001,10.0,4.0,14.0
45003,53.0,35.0,88.0
45005,4.0,2.0,6.0
45007,114.0,69.0,183.0
45009,6.0,4.0,10.0
45011,2.0,3.0,5.0
45013,67.0,78.0,145.0
45015,38.0,35.0,73.0
45019,353.0,377.0,730.0
45021,25.0,18.0,43.0
45023,7.0,4.0,11.0
45025,8.0,11.0,19.0
45027,17.0,16.0,33.0
45029,16.0,12.0,28.0
45031,27.0,22.0,49.0
45033,14.0,12.0,26.0
45035,41.0,46.0,87.0
45037,4.0,2.0,6.0
45039,6.0,4.0,10.0
45041,143.0,82.0,225.0
45043,53.0,23.0,76.0
45045,407.0,396.0,803.0
45047,84.0,38.0,122.0
45049,6.0,4.0,10.0
45051,157.0,179.0,336.0
45053,3.0,6.0,9.0
45055,30.0,15.0,45.0
45057,20.0,13.0,33.0
45059,25.0,11.0,36.0
45061,3.0,2.0,5.0
45063,127.0,122.0,249.0
45067,12.0,7.0,19.0
45069,9.0,6.0,15.0
45071,17.0,11.0,28.0
45073,45.0,38.0,83.0
45075,47.0,31.0,78.0
45077,55.0,51.0,106.0
45079,270.0,203.0,473.0
45081,5.0,3.0,8.0
45083,190.0,189.0,379.0
45085,56.0,35.0,91.0
45087,8.0,5.0,13.0
45089,8.0,8.0,16.0
45091,85.0,87.0,172.0
46003,,1.0,
46005,11.0,17.0,28.0
46007,1.0,3.0,4.0
46009,4.0,7.0,11.0
46011,18.0,19.0,37.0
46013,28.0,42.0,70.0
46015,5.0,5.0,10.0
46017,,2.0,
46019,2.0,2.0,4.0
46023,7.0,9.0,16.0
46025,,1.0,
46027,8.0,7.0,15.0
46029,25.0,16.0,41.0
46031,1.0,2.0,3.0
46033,6.0,,
46035,13.0,11.0,24.0
46037,1.0,4.0,5.0
46039,1.0,1.0,2.0
46041,1.0,12.0,13.0
46043,2.0,5.0,7.0
46045,,4.0,
46047,4.0,8.0,12.0
46049,1.0,1.0,2.0
46051,5.0,5.0,10.0
46053,7.0,7.0,14.0
46055,2.0,1.0,3.0
46057,,3.0,
46059,2.0,5.0,7.0
46063,,1.0,
46065,10.0,16.0,26.0
46067,6.0,5.0,11.0
46071,,2.0,
46073,1.0,4.0,5.0
46075,,1.0,
46077,,5.0,
46079,6.0,5.0,11.0
46081,22.0,13.0,35.0
46083,4.0,8.0,12.0
46085,,3.0,
46087,1.0,2.0,3.0
46089,1.0,1.0,2.0
46091,1.0,2.0,3.0
46093,8.0,7.0,15.0
46097,,3.0,
46099,211.0,276.0,487.0
46101,1.0,3.0,4.0
46102,4.0,4.0,8.0
46103,95.0,147.0,242.0
46105,,1.0,
46107,,5.0,
46109,9.0,6.0,15.0
46111,,1.0,
46115,2.0,3.0,5.0
46117,,1.0,
46121,3.0,8.0,11.0
46123,3.0,5.0,8.0
46125,2.0,1.0,3.0
46127,10.0,40.0,50.0
46129,3.0,2.0,5.0
46135,14.0,13.0,27.0
47001,48.0,55.0,103.0
47003,12.0,14.0,26.0
47005,2.0,16.0,18.0
47007,2.0,4.0,6.0
47009,65.0,74.0,139.0
47011,44.0,71.0,115.0
47013,17.0,16.0,33.0
47015,5.0,4.0,9.0
47017,3.0,16.0,19.0
47019,17.0,16.0,33.0
47021,8.0,15.0,23.0
47023,5.0,13.0,18.0
47025,18.0,24.0,42.0
47027,3.0,4.0,7.0
47029,18.0,25.0,43.0
47031,26.0,58.0,84.0
47033,2.0,8.0,10.0
47035,36.0,38.0,74.0
47037,539.0,794.0,1333.0
47039,5.0,13.0,18.0
47041,8.0,6.0,14.0
47043,18.0,33.0,51.0
47045,19.0,34.0,53.0
47047,5.0,6.0,11.0
47049,4.0,6.0,10.0
47051,23.0,21.0,44.0
47053,16.0,26.0,42.0
47055,12.0,17.0,29.0
47057,5.0,9.0,14.0
47059,43.0,49.0,92.0
47061,2.0,4.0,6.0
47063,31.0,70.0,101.0
47065,286.0,352.0,638.0
47067,,5.0,
47069,9.0,14.0,23.0
47071,10.0,26.0,36.0
47073,18.0,19.0,37.0
47075,12.0,6.0,18.0
47077,8.0,15.0,23.0
47079,13.0,28.0,41.0
47081,4.0,7.0,11.0
47083,2.0,2.0,4.0
47085,4.0,6.0,10.0
47087,1.0,1.0,2.0
47089,31.0,33.0,64.0
47091,6.0,12.0,18.0
47093,379.0,667.0,1046.0
47095,,6.0,
47097,5.0,12.0,17.0
47099,11.0,38.0,49.0
47101,4.0,6.0,10.0
47103,15.0,18.0,33.0
47105,24.0,20.0,44.0
47107,23.0,34.0,57.0
47109,9.0,19.0,28.0
47111,3.0,7.0,10.0
47113,122.0,131.0,253.0
47115,12.0,13.0,25.0
47117,7.0,14.0,21.0
47119,62.0,85.0,147.0
47121,3.0,4.0,7.0
47123,12.0,14.0,26.0
47125,61.0,75.0,136.0
47127,,1.0,
47129,4.0,3.0,7.0
47131,12.0,30.0,42.0
47133,6.0,4.0,10.0
47135,3.0,10.0,13.0
47137,4.0,,
47139,6.0,6.0,12.0
47141,66.0,91.0,157.0
47143,10.0,15.0,25.0
47145,26.0,35.0,61.0
47147,18.0,27.0,45.0
47149,130.0,172.0,302.0
47151,11.0,16.0,27.0
47153,3.0,4.0,7.0
47155,32.0,65.0,97.0
47157,483.0,590.0,1073.0
47159,5.0,9.0,14.0
47161,2.0,5.0,7.0
47163,189.0,212.0,401.0
47165,57.0,124.0,181.0
47167,22.0,25.0,47.0
47169,1.0,3.0,4.0
47171,5.0,6.0,11.0
47173,4.0,10.0,14.0
47175,1.0,2.0,3.0
47177,9.0,30.0,39.0
47179,177.0,263.0,440.0
47181,5.0,13.0,18.0
47183,10.0,24.0,34.0
47185,10.0,14.0,24.0
47187,68.0,150.0,218.0
47189,27.0,88.0,115.0
48001,20.0,14.0,34.0
48003,8.0,1.0,9.0
48005,49.0,29.0,78.0
48007,14.0,3.0,17.0
48011,1.0,1.0,2.0
48013,11.0,8.0,19.0
48015,4.0,6.0,10.0
48017,4.0,3.0,7.0
48019,2.0,3.0,5.0
48021,20.0,13.0,33.0
48023,3.0,,
48025,8.0,7.0,15.0
48027,225.0,204.0,429.0
48029,968.0,715.0,1683.0
48031,2.0,2.0,4.0
48035,7.0,3.0,10.0
48037,59.0,82.0,141.0
48039,75.0,74.0,149.0
48041,143.0,73.0,216.0
48043,5.0,4.0,9.0
48047,1.0,1.0,2.0
48049,18.0,16.0,34.0
48051,4.0,2.0,6.0
48053,23.0,12.0,35.0
48055,12.0,9.0,21.0
48057,13.0,1.0,14.0
48059,3.0,6.0,9.0
48061,151.0,83.0,234.0
48063,4.0,4.0,8.0
48065,,2.0,
48067,7.0,2.0,9.0
48069,3.0,,
48071,2.0,4.0,6.0
48073,16.0,6.0,22.0
48075,8.0,2.0,10.0
48077,4.0,1.0,5.0
48079,2.0,,
48083,3.0,3.0,6.0
48085,402.0,337.0,739.0
48087,,1.0,
48089,12.0,,
48091,55.0,47.0,102.0
48093,9.0,,
48095,,1.0,
48097,14.0,12.0,26.0
48099,19.0,15.0,34.0
48103,2.0,,
48105,1.0,2.0,3.0
48107,1.0,,
48109,,2.0,
48111,3.0,2.0,5.0
48113,1532.0,1248.0,2780.0
48115,5.0,3.0,8.0
48117,2.0,4.0,6.0
48119,,2.0,
48121,165.0,163.0,328.0
48123,16.0,5.0,21.0
48127,4.0,,
48129,1.0,1.0,2.0
48131,,3.0,
48133,7.0,5.0,12.0
48135,90.0,57.0,147.0
48139,60.0,42.0,102.0
48141,251.0,219.0,470.0
48143,21.0,7.0,28.0
48145,3.0,2.0,5.0
48147,7.0,5.0,12.0
48149,7.0,7.0,14.0
48151,1.0,,
48153,4.0,,
48157,208.0,165.0,373.0
48159,1.0,,
48161,3.0,2.0,5.0
48163,4.0,2.0,6.0
48165,4.0,1.0,5.0
48167,161.0,129.0,290.0
48169,1.0,1.0,2.0
48171,27.0,20.0,47.0
48175,1.0,,
48177,6.0,5.0,11.0
48179,8.0,10.0,18.0
48181,63.0,46.0,109.0
48183,100.0,90.0,190.0
48185,5.0,4.0,9.0
48187,33.0,19.0,52.0
48189,11.0,12.0,23.0
48193,8.0,,
48195,2.0,,
48197,2.0,,
48199,12.0,7.0,19.0
48201,2052.0,1760.0,3812.0
48203,16.0,15.0,31.0
48207,4.0,1.0,5.0
48209,63.0,52.0,115.0
48211,3.0,,
48213,35.0,23.0,58.0
48215,272.0,188.0,460.0
48217,10.0,6.0,16.0
48219,7.0,2.0,9.0
48221,21.0,10.0,31.0
48223,14.0,7.0,21.0
48225,5.0,2.0,7.0
48227,10.0,18.0,28.0
48231,33.0,28.0,61.0
48233,9.0,2.0,11.0
48237,3.0,,
48239,2.0,,
48241,13.0,5.0,18.0
48243,1.0,1.0,2.0
48245,111.0,148.0,259.0
48249,10.0,7.0,17.0
48251,58.0,30.0,88.0
48253,3.0,5.0,8.0
48255,4.0,1.0,5.0
48257,29.0,25.0,54.0
48259,25.0,15.0,40.0
48263,1.0,,
48265,33.0,23.0,56.0
48267,2.0,1.0,3.0
48273,10.0,8.0,18.0
48275,1.0,2.0,3.0
48277,20.0,26.0,46.0
48279,3.0,4.0,7.0
48281,7.0,2.0,9.0
48283,2.0,3.0,5.0
48285,8.0,,
48287,3.0,3.0,6.0
48289,1.0,3.0,4.0
48291,18.0,20.0,38.0
48293,7.0,7.0,14.0
48297,2.0,2.0,4.0
48299,11.0,4.0,15.0
48303,178.0,223.0,401.0
48305,2.0,2.0,4.0
48307,4.0,,
48309,144.0,89.0,233.0
48311,,1.0,
48313,2.0,1.0,3.0
48317,2.0,1.0,3.0
48321,12.0,12.0,24.0
48323,15.0,3.0,18.0
48325,12.0,2.0,14.0
48329,39.0,63.0,102.0
48331,7.0,10.0,17.0
48333,,1.0,
48335,2.0,,
48337,7.0,5.0,12.0
48339,201.0,108.0,309.0
48341,8.0,1.0,9.0
48343,2.0,2.0,4.0
48347,35.0,19.0,54.0
48349,13.0,9.0,22.0
48351,2.0,,
48353,6.0,3.0,9.0
48355,184.0,139.0,323.0
48357,5.0,,
48361,17.0,12.0,29.0
48363,8.0,7.0,15.0
48365,6.0,,
48367,32.0,25.0,57.0
48369,3.0,3.0,6.0
48371,6.0,,
48373,12.0,13.0,25.0
48375,165.0,135.0,300.0
48377,3.0,2.0,5.0
48379,,1.0,
48381,8.0,7.0,15.0
48383,2.0,,
48385,,1.0,
48387,3.0,1.0,4.0
48389,4.0,1.0,5.0
48391,2.0,1.0,3.0
48395,3.0,2.0,5.0
48397,31.0,38.0,69.0
48399,7.0,,
48401,10.0,12.0,22.0
48403,1.0,6.0,7.0
48405,2.0,4.0,6.0
48407,1.0,1.0,2.0
48409,16.0,17.0,33.0
48411,1.0,2.0,3.0
48415,7.0,3.0,10.0
48417,1.0,1.0,2.0
48419,2.0,8.0,10.0
48421,,2.0,
48423,180.0,205.0,385.0
48425,9.0,1.0,10.0
48427,10.0,4.0,14.0
48429,3.0,2.0,5.0
48431,,1.0,
48433,,1.0,
48435,2.0,3.0,5.0
48437,3.0,,
48439,845.0,730.0,1575.0
48441,61.0,103.0,164.0
48445,3.0,,
48447,1.0,1.0,2.0
48449,6.0,9.0,15.0
48451,90.0,75.0,165.0
48453,649.0,492.0,1141.0
48455,2.0,3.0,5.0
48457,3.0,1.0,4.0
48459,7.0,2.0,9.0
48461,,1.0,
48463,13.0,8.0,21.0
48465,8.0,8.0,16.0
48467,8.0,10.0,18.0
48469,56.0,45.0,101.0
48471,25.0,7.0,32.0
48473,3.0,2.0,5.0
48475,1.0,1.0,2.0
48477,18.0,10.0,28.0
48479,60.0,36.0,96.0
48481,13.0,13.0,26.0
48483,3.0,,
48485,79.0,49.0,128.0
48487,8.0,5.0,13.0
48489,6.0,,
48491,218.0,195.0,413.0
48493,13.0,9.0,22.0
48495,1.0,,
48497,22.0,25.0,47.0
48499,18.0,12.0,30.0
48501,1.0,1.0,2.0
48503,9.0,4.0,13.0
48505,1.0,1.0,2.0
48507,,4.0,
49001,6.0,6.0,12.0
49003,18.0,8.0,26.0
49005,39.0,35.0,74.0
49007,13.0,7.0,20.0
49009,,1.0,
49011,107.0,69.0,176.0
49013,7.0,11.0,18.0
49015,,1.0,
49017,2.0,,
49019,7.0,2.0,9.0
49021,14.0,13.0,27.0
49023,8.0,2.0,10.0
49025,3.0,3.0,6.0
49027,6.0,2.0,8.0
49029,4.0,3.0,7.0
49033,,1.0,
49035,573.0,608.0,1181.0
49037,11.0,2.0,13.0
49039,14.0,3.0,17.0
49041,11.0,6.0,17.0
49043,26.0,19.0,45.0
49045,14.0,15.0,29.0
49047,12.0,11.0,23.0
49049,179.0,222.0,401.0
49051,4.0,2.0,6.0
49053,13.0,20.0,33.0
49055,1.0,,
49057,117.0,122.0,239.0
50001,26.0,10.0,36.0
50003,24.0,23.0,47.0
50005,6.0,,
50007,156.0,141.0,297.0
50009,4.0,,
50011,18.0,37.0,55.0
50015,22.0,15.0,37.0
50017,17.0,8.0,25.0
50019,10.0,3.0,13.0
50021,40.0,48.0,88.0
50023,31.0,26.0,57.0
50025,26.0,23.0,49.0
50027,29.0,21.0,50.0
51001,16.0,9.0,25.0
51003,9.0,3.0,12.0
51005,11.0,5.0,16.0
51007,1.0,,
51009,7.0,5.0,12.0
51011,3.0,2.0,5.0
51013,109.0,60.0,169.0
51015,43.0,47.0,90.0
51017,3.0,,
51019,33.0,15.0,48.0
51021,2.0,8.0,10.0
51023,13.0,8.0,21.0
51025,3.0,4.0,7.0
51027,5.0,12.0,17.0
51029,4.0,1.0,5.0
51031,5.0,4.0,9.0
51033,7.0,1.0,8.0
51035,11.0,16.0,27.0
51036,1.0,1.0,2.0
51037,3.0,5.0,8.0
51041,121.0,61.0,182.0
51043,2.0,5.0,7.0
51045,1.0,1.0,2.0
51047,19.0,28.0,47.0
51051,3.0,4.0,7.0
51053,2.0,,
51057,10.0,3.0,13.0
51059,254.0,138.0,392.0
51061,33.0,22.0,55.0
51063,7.0,2.0,9.0
51065,7.0,1.0,8.0
51067,12.0,12.0,24.0
51069,5.0,2.0,7.0
51071,8.0,2.0,10.0
51073,20.0,14.0,34.0
51075,1.0,,
51077,3.0,2.0,5.0
51079,4.0,1.0,5.0
51083,12.0,29.0,41.0
51085,61.0,47.0,108.0
51087,30.0,19.0,49.0
51089,4.0,6.0,10.0
51091,1.0,,
51093,12.0,5.0,17.0
51099,3.0,8.0,11.0
51101,5.0,1.0,6.0
51103,15.0,9.0,24.0
51105,8.0,6.0,14.0
51107,119.0,87.0,206.0
51109,7.0,6.0,13.0
51111,4.0,1.0,5.0
51113,5.0,2.0,7.0
51115,1.0,2.0,3.0
51117,19.0,17.0,36.0
51119,5.0,2.0,7.0
51121,63.0,57.0,120.0
51125,5.0,6.0,11.0
51127,,1.0,
51131,13.0,8.0,21.0
51133,1.0,2.0,3.0
51135,11.0,3.0,14.0
51137,17.0,2.0,19.0
51139,8.0,6.0,14.0
51141,3.0,5.0,8.0
51143,11.0,11.0,22.0
51145,8.0,4.0,12.0
51147,10.0,12.0,22.0
51149,8.0,2.0,10.0
51153,110.0,72.0,182.0
51155,12.0,9.0,21.0
51157,3.0,,
51159,2.0,1.0,3.0
51161,4.0,3.0,7.0
51163,3.0,1.0,4.0
51165,11.0,14.0,25.0
51167,8.0,20.0,28.0
51169,10.0,8.0,18.0
51171,19.0,16.0,35.0
51173,18.0,21.0,39.0
51175,1.0,1.0,2.0
51177,1.0,3.0,4.0
51179,17.0,19.0,36.0
51183,3.0,1.0,4.0
51185,23.0,27.0,50.0
51187,19.0,8.0,27.0
51191,49.0,38.0,87.0
51193,3.0,1.0,4.0
51195,25.0,13.0,38.0
51197,18.0,22.0,40.0
51199,8.0,4.0,12.0
51510,119.0,81.0,200.0
51520,4.0,3.0,7.0
51530,1.0,,
51540,207.0,184.0,391.0
51550,137.0,83.0,220.0
51570,19.0,12.0,31.0
51580,1.0,2.0,3.0
51590,64.0,59.0,123.0
51595,5.0,8.0,13.0
51600,180.0,109.0,289.0
51610,128.0,89.0,217.0
51620,13.0,5.0,18.0
51630,111.0,148.0,259.0
51640,14.0,19.0,33.0
51650,75.0,52.0,127.0
51660,61.0,48.0,109.0
51670,14.0,8.0,22.0
51678,14.0,9.0,23.0
51680,109.0,140.0,249.0
51683,70.0,47.0,117.0
51690,27.0,10.0,37.0
51700,153.0,132.0,285.0
51710,206.0,210.0,416.0
51720,28.0,17.0,45.0
51730,21.0,23.0,44.0
51740,40.0,41.0,81.0
51750,5.0,6.0,11.0
51760,436.0,376.0,812.0
51770,183.0,185.0,368.0
51775,53.0,62.0,115.0
51790,9.0,5.0,14.0
51800,50.0,56.0,106.0
51810,196.0,178.0,374.0
51820,11.0,9.0,20.0
51830,66.0,42.0,108.0
51840,82.0,112.0,194.0
53001,9.0,9.0,18.0
53003,13.0,7.0,20.0
53005,136.0,164.0,300.0
53007,105.0,95.0,200.0
53009,63.0,55.0,118.0
53011,246.0,205.0,451.0
53013,2.0,3.0,5.0
53015,62.0,66.0,128.0
53017,8.0,4.0,12.0
53019,3.0,2.0,5.0
53021,21.0,21.0,42.0
53023,,1.0,
53025,34.0,44.0,78.0
53027,26.0,43.0,69.0
53029,19.0,16.0,35.0
53031,6.0,10.0,16.0
53033,1744.0,1385.0,3129.0
53035,137.0,100.0,237.0
53037,16.0,15.0,31.0
53039,12.0,6.0,18.0
53041,35.0,55.0,90.0
53043,3.0,1.0,4.0
53045,11.0,6.0,17.0
53047,30.0,31.0,61.0
53049,3.0,8.0,11.0
53051,6.0,3.0,9.0
53053,476.0,547.0,1023.0
53055,5.0,2.0,7.0
53057,81.0,89.0,170.0
53059,,2.0,
53061,461.0,346.0,807.0
53063,402.0,502.0,904.0
53065,24.0,19.0,43.0
53067,178.0,165.0,343.0
53069,1.0,,
53071,42.0,28.0,70.0
53073,149.0,117.0,266.0
53075,16.0,14.0,30.0
53077,139.0,149.0,288.0
54001,6.0,3.0,9.0
54003,46.0,38.0,84.0
54005,8.0,13.0,21.0
54007,5.0,3.0,8.0
54009,5.0,2.0,7.0
54011,164.0,143.0,307.0
54013,3.0,3.0,6.0
54015,6.0,4.0,10.0
54017,3.0,1.0,4.0
54019,18.0,20.0,38.0
54021,2.0,1.0,3.0
54023,9.0,1.0,10.0
54025,48.0,25.0,73.0
54027,1.0,7.0,8.0
54029,19.0,12.0,31.0
54031,2.0,6.0,8.0
54033,60.0,52.0,112.0
54035,8.0,17.0,25.0
54037,34.0,15.0,49.0
54039,214.0,260.0,474.0
54041,14.0,4.0,18.0
54043,8.0,4.0,12.0
54045,20.0,20.0,40.0
54047,2.0,10.0,12.0
54049,28.0,17.0,45.0
54051,6.0,3.0,9.0
54053,8.0,6.0,14.0
54055,38.0,66.0,104.0
54057,10.0,7.0,17.0
54059,4.0,8.0,12.0
54061,139.0,207.0,346.0
54063,6.0,1.0,7.0
54065,5.0,4.0,9.0
54067,16.0,6.0,22.0
54069,60.0,84.0,144.0
54071,3.0,6.0,9.0
54075,1.0,1.0,2.0
54077,10.0,6.0,16.0
54079,33.0,19.0,52.0
54081,48.0,62.0,110.0
54083,18.0,26.0,44.0
54085,1.0,2.0,3.0
54087,5.0,1.0,6.0
54089,4.0,6.0,10.0
54091,5.0,4.0,9.0
54093,2.0,1.0,3.0
54095,3.0,1.0,4.0
54097,12.0,17.0,29.0
54099,6.0,4.0,10.0
54101,3.0,8.0,11.0
54103,6.0,5.0,11.0
54105,2.0,1.0,3.0
54107,66.0,65.0,131.0
54109,2.0,1.0,3.0
55001,4.0,4.0,8.0
55003,24.0,12.0,36.0
55005,38.0,26.0,64.0
55007,2.0,2.0,4.0
55009,156.0,268.0,424.0
55011,1.0,1.0,2.0
55013,5.0,4.0,9.0
55015,3.0,9.0,12.0
55017,39.0,23.0,62.0
55019,10.0,8.0,18.0
55021,30.0,41.0,71.0
55023,11.0,6.0,17.0
55025,563.0,579.0,1142.0
55027,25.0,28.0,53.0
55029,15.0,6.0,21.0
55031,13.0,12.0,25.0
55033,1.0,,
55035,113.0,144.0,257.0
55039,72.0,73.0,145.0
55041,1.0,2.0,3.0
55043,18.0,20.0,38.0
55045,25.0,30.0,55.0
55047,12.0,13.0,25.0
55049,14.0,10.0,24.0
55053,16.0,6.0,22.0
55055,45.0,44.0,89.0
55057,15.0,12.0,27.0
55059,67.0,66.0,133.0
55061,5.0,15.0,20.0
55063,177.0,190.0,367.0
55065,4.0,3.0,7.0
55067,9.0,7.0,16.0
55069,19.0,8.0,27.0
55071,31.0,48.0,79.0
55073,93.0,116.0,209.0
55075,30.0,20.0,50.0
55077,1.0,,
55078,6.0,3.0,9.0
55079,763.0,1041.0,1804.0
55081,26.0,14.0,40.0
55083,10.0,16.0,26.0
55085,35.0,61.0,96.0
55087,137.0,145.0,282.0
55089,78.0,56.0,134.0
55091,4.0,2.0,6.0
55093,17.0,4.0,21.0
55095,37.0,11.0,48.0
55097,33.0,57.0,90.0
55099,5.0,7.0,12.0
55101,98.0,99.0,197.0
55103,13.0,7.0,20.0
55105,108.0,96.0,204.0
55107,6.0,3.0,9.0
55109,33.0,20.0,53.0
55111,52.0,34.0,86.0
55113,14.0,8.0,22.0
55115,17.0,18.0,35.0
55117,68.0,69.0,137.0
55119,,3.0,
55121,9.0,12.0,21.0
55123,17.0,10.0,27.0
55125,3.0,6.0,9.0
55127,53.0,36.0,89.0
55129,12.0,5.0,17.0
55131,62.0,38.0,100.0
55133,305.0,248.0,553.0
55135,29.0,32.0,61.0
55137,14.0,11.0,25.0
55139,97.0,133.0,230.0
55141,97.0,99.0,196.0
56001,10.0,24.0,34.0
56003,3.0,3.0,6.0
56005,19.0,17.0,36.0
56007,2.0,5.0,7.0
56009,3.0,4.0,7.0
56011,1.0,1.0,2.0
56013,28.0,22.0,50.0
56015,6.0,5.0,11.0
56017,5.0,1.0,6.0
56019,7.0,3.0,10.0
56021,52.0,69.0,121.0
56023,12.0,6.0,18.0
56025,59.0,83.0,142.0
56029,26.0,28.0,54.0
56031,3.0,4.0,7.0
56033,13.0,27.0,40.0
56035,4.0,6.0,10.0
56037,9.0,17.0,26.0
56039,11.0,18.0,29.0
56041,9.0,15.0,24.0
56043,6.0,1.0,7.0
56045,3.0,4.0,7.0
72001,3.0,,
72003,10.0,,
72005,22.0,,
72007,2.0,,
72009,14.0,,
72011,2.0,,
72013,26.0,,
72017,6.0,,
72019,4.0,,
72023,9.0,,
72025,58.0,,
72027,4.0,,
72029,8.0,,
72031,40.0,,
72035,21.0,,
72039,3.0,,
72041,8.0,,
72043,5.0,,
72047,7.0,,
72051,8.0,,
72053,11.0,,
72057,10.0,,
72059,3.0,,
72061,27.0,1.0,28.0
72063,7.0,,
72065,5.0,,
72067,5.0,,
72069,22.0,,
72071,5.0,,
72073,1.0,,
72077,3.0,,
72079,3.0,,
72081,3.0,,
72085,7.0,,
72089,1.0,,
72099,6.0,,
72101,3.0,,
72103,1.0,,
72105,4.0,,
72107,1.0,,
72109,1.0,,
72113,73.0,2.0,75.0
72115,2.0,,
72121,8.0,,
72123,2.0,,
72127,170.0,,
72129,3.0,,
72133,4.0,,
72135,2.0,,
72137,4.0,,
72139,4.0,,
72141,3.0,,
72143,5.0,,
72145,14.0,,
72149,3.0,,
72151,4.0,,
72153,13.0,,
78010,12.0,11.0,23.0
nan,11563.0,8379.0,19942.0
