county_fips,HPSA Score,State,County,Rural-urban score,Population,Birth rate,Death rate,% poverty (ages 0-17),Unemployment rate,Median Income,"% adults, < HS diploma","% adults, HS diploma only","% adults, some college","% adults, college degree or higher",Population change,pop / PC,"pop / PC, MD only","pop / PC, NP only"
56025,13.0,WY,Natrona County,3.0,80892.0,14.2,9.1,11.0,7.1,98.2,8.3,29.1,40.3,22.2,-0.015353805073431242,569.6619718309859,1371.050847457627,974.6024096385543
56041,16.0,WY,Uinta County,7.0,20711.0,14.5,6.6,11.0,5.7,104.9,10.4,36.6,34.8,18.2,-0.0033315629375694077,862.9583333333334,2301.222222222222,1380.7333333333333
56021,17.0,WY,Laramie County,3.0,97968.0,13.7,8.3,11.0,4.1,99.1,6.7,26.5,39.1,27.7,0.009829740323370896,809.6528925619834,1884.0,1419.8260869565217
56005,16.0,WY,Campbell County,5.0,48800.0,16.5,4.4,9.0,7.1,128.3,8.3,34.9,37.7,19.1,-0.010102459016393443,1355.5555555555557,2568.4210526315787,2870.5882352941176
56009,12.0,WY,Converse County,6.0,14127.0,12.7,8.3,10.0,6.2,115.9,9.8,37.9,36.8,15.5,-0.013095490903942804,2018.142857142857,4709.0,3531.75
56033,15.0,WY,Sheridan County,7.0,30049.0,10.9,11.1,11.0,4.7,86.0,6.1,24.9,38.8,30.1,0.003627408566008852,751.225,2311.4615384615386,1112.9259259259259
55059,14.0,WI,Kenosha County,1.0,167869.0,11.4,8.1,19.0,4.7,105.0,10.0,32.3,33.0,24.6,-7.744133818632385e-05,1262.172932330827,2505.507462686567,2543.469696969697
55073,12.0,WI,Marathon County,3.0,135195.0,11.9,9.0,14.0,3.5,99.0,8.9,36.2,31.0,23.9,-0.0014719479270683088,646.866028708134,1453.7096774193549,1165.4741379310344
53031,10.0,WA,Jefferson County,6.0,30909.0,5.8,11.9,21.0,7.0,79.5,5.5,22.1,33.6,38.8,0.01808534730984503,1931.8125,5151.5,3090.9
53055,11.0,WA,San Juan County,9.0,16296.0,5.0,9.1,15.0,4.6,89.0,4.7,17.2,31.1,47.0,0.006688757977417771,2328.0,3259.2,8148.0
53033,10.0,WA,King County,1.0,2155962.0,12.1,6.2,11.0,3.9,128.1,7.5,16.0,27.4,49.1,0.017748921363178016,689.0258868648131,1236.216743119266,1556.651263537906
53047,17.0,WA,Okanogan County,6.0,41479.0,12.3,11.5,26.0,6.6,62.2,17.7,30.1,33.7,18.4,0.0034957448347356494,679.983606557377,1382.6333333333334,1338.032258064516
51023,12.0,VA,Botetourt County,2.0,33150.0,6.8,10.3,9.0,3.7,100.4,8.4,33.8,30.4,27.3,-0.005731523378582202,1578.5714285714287,2550.0,4143.75
51065,11.0,VA,Fluvanna County,3.0,26169.0,10.1,9.0,10.0,3.4,102.8,10.7,26.5,31.8,31.0,0.0017960181894608124,3271.125,3738.4285714285716,26169.0
51143,9.0,VA,Pittsylvania County,4.0,61673.0,8.3,11.3,19.0,4.8,67.8,17.8,36.1,31.5,14.6,-0.005091368994535697,2803.318181818182,5606.636363636364,5606.636363636364
51075,7.0,VA,Goochland County,1.0,22475.0,6.9,7.3,9.0,3.8,130.4,9.4,27.8,26.7,36.1,0.014060066740823137,22475.0,22475.0,22475.0
50017,13.0,VT,Orange County,9.0,28917.0,8.8,8.8,14.0,3.1,94.1,8.3,35.3,26.2,30.2,0.001106615485700453,1156.68,1701.0,3614.625
48113,11.0,TX,Dallas County,1.0,2587462.0,15.8,6.4,25.0,4.0,96.2,22.0,22.5,25.8,29.7,0.012842314205967082,930.741726618705,1688.943864229765,2073.286858974359
48339,7.0,TX,Montgomery County,1.0,554522.0,13.9,6.9,14.0,4.9,128.1,13.2,24.1,29.7,33.0,0.03481917759800333,1794.5695792880258,2758.81592039801,5134.462962962963
48201,9.0,TX,Harris County,1.0,4617041.0,16.1,5.8,24.0,5.3,99.7,19.8,23.3,26.8,30.1,0.014225344760854408,1211.1859916054564,2250.019980506823,2623.31875
48453,12.0,TX,Travis County,1.0,1204582.0,13.7,4.7,16.0,3.2,123.8,11.8,17.0,24.7,46.4,0.02182499821514849,1055.7248028045574,1856.0585516178737,2448.337398373984
48303,14.0,TX,Lubbock County,2.0,302301.0,14.1,8.2,22.0,3.4,85.9,14.9,25.5,31.7,28.0,0.012695955355754695,753.8678304239402,1698.3202247191011,1355.6098654708521
48029,10.0,TX,Bexar County,1.0,1927747.0,14.8,7.1,22.0,3.7,94.0,16.6,25.3,31.2,26.9,0.017085229545163342,1145.4230540701128,1991.474173553719,2696.1496503496505
48167,8.0,TX,Galveston County,1.0,329306.0,13.3,8.5,18.0,5.3,113.4,12.4,24.8,33.8,28.9,0.024296550928315914,1135.5379310344827,2045.3788819875776,2552.7596899224804
48459,11.0,TX,Upshur County,3.0,40864.0,11.8,11.3,23.0,6.4,86.6,16.6,32.8,34.8,15.8,0.011819694596711042,4540.444444444444,5837.714285714285,20432.0
48141,12.0,TX,El Paso County,2.0,837147.0,15.9,6.3,31.0,4.9,74.3,23.5,24.3,30.4,21.7,0.005085128418306462,1781.1638297872341,3335.2470119521913,3822.5890410958905
48061,13.0,TX,Cameron County,2.0,421766.0,16.9,6.4,40.0,7.2,64.7,34.4,25.0,23.8,16.8,0.005185339738148642,1802.4188034188035,2793.1523178807947,5081.518072289156
48109,20.0,TX,Culberson County,9.0,2219.0,13.9,8.9,38.0,4.1,64.8,35.1,34.9,22.3,7.7,-0.014420910319963948,2219.0,2219.0,1109.5
48229,20.0,TX,Hudspeth County,2.0,4073.0,8.5,3.2,34.0,6.0,62.3,47.8,25.3,19.4,7.5,0.15639577706849989,4073.0,4073.0,4073.0
41017,11.0,OR,Deschutes County,3.0,180675.0,10.0,8.2,14.0,4.8,106.7,7.0,23.6,36.1,33.3,0.03535076795350768,569.9526813880126,1309.2391304347825,1009.3575418994413
41003,11.0,OR,Benton County,3.0,89296.0,8.6,6.5,13.0,3.9,97.9,5.0,14.3,27.0,53.7,0.013326464791256046,551.2098765432099,1190.6133333333332,1026.3908045977012
41039,10.0,OR,Lane County,2.0,368283.0,9.7,9.7,20.0,5.1,83.5,8.9,24.7,37.7,28.7,0.017817819448630538,858.4685314685315,1674.0136363636364,1762.1196172248804
41001,17.0,OR,Baker County,7.0,15948.0,9.2,12.9,26.0,6.3,73.5,9.6,31.6,35.8,23.0,0.005079006772009029,1063.2,1594.8,3189.6
40019,11.0,OK,Carter County,5.0,48359.0,14.6,12.6,23.0,5.2,97.5,13.5,38.0,29.1,19.5,-0.0029156930457619056,743.9846153846154,1559.967741935484,1422.3235294117646
39095,17.0,OH,Lucas County,2.0,432562.0,12.8,10.2,28.0,5.2,86.4,11.2,30.4,33.3,25.1,-0.0017407909155219368,602.4540389972145,1339.2012383900928,1095.0936708860759
39035,19.0,OH,Cuyahoga County,1.0,1253454.0,11.7,10.8,26.0,5.6,89.2,11.5,28.3,29.3,30.9,-0.0035924732778386762,475.3333333333333,1035.912396694215,878.3840224246671
39151,17.0,OH,Stark County,2.0,373528.0,11.2,11.0,19.0,5.4,97.5,9.6,37.9,29.9,22.6,-0.0031885159880919237,887.2399049881235,1537.1522633744855,2098.4719101123596
38059,13.0,ND,Morton County,3.0,30615.0,17.1,8.8,11.0,3.2,105.0,7.9,31.2,35.6,25.3,0.013882083945778213,1611.3157894736842,2186.785714285714,6123.0
37169,12.0,NC,Stokes County,2.0,45891.0,8.7,11.6,18.0,4.8,95.2,17.8,39.3,28.6,14.3,-0.005709180449325576,1349.735294117647,2868.1875,2549.5
36063,10.0,NY,Niagara County,1.0,211798.0,9.9,11.0,18.0,5.8,80.3,9.1,34.9,32.5,23.5,-0.0035033380862897665,1097.39896373057,1961.0925925925926,2491.741176470588
35049,17.0,NM,Santa Fe County,3.0,147943.0,8.6,8.3,22.0,5.3,122.7,11.7,22.0,25.3,41.0,0.004508493135869896,782.7671957671957,1422.5288461538462,1740.5058823529412
32031,16.0,NV,Washoe County,2.0,452429.0,12.4,8.6,17.0,5.0,105.5,13.0,23.8,34.2,29.0,0.017839263177205706,797.9347442680776,1621.6093189964158,1570.9340277777778
32023,14.0,NV,Nye County,4.0,43399.0,8.1,16.1,26.0,7.3,87.0,15.3,36.5,36.1,12.1,0.007995575934929377,1009.2790697674419,1972.6818181818182,2066.6190476190477
32007,16.0,NV,Elko County,5.0,52283.0,15.9,6.5,13.0,4.5,127.2,16.6,27.7,37.6,18.1,0.008300977373142322,1936.4074074074074,3485.5333333333333,4356.916666666667
29189,14.0,MO,St. Louis County,1.0,998216.0,11.5,10.0,13.0,4.2,121.4,7.1,21.5,29.0,42.4,-0.0029162025052694007,1934.5271317829458,3283.6052631578946,4708.566037735849
27145,9.0,MN,Stearns County,3.0,156571.0,12.5,6.4,13.0,3.8,88.3,7.9,29.8,36.3,25.9,0.005971731674448014,708.4660633484162,1648.1157894736841,1242.626984126984
24009,12.0,MD,Calvert County,1.0,91099.0,10.5,7.5,7.0,3.9,123.4,6.7,30.9,33.2,29.3,0.006630149617449148,1138.7375,2277.475,2277.475
24033,6.0,MD,Prince George's County,1.0,911154.0,13.3,7.1,13.0,4.4,99.9,14.2,25.9,28.5,31.5,0.0031520467451166324,1486.3849918433932,2283.593984962406,4257.728971962617
24037,8.0,MD,St. Mary's County,3.0,111835.0,12.8,7.7,12.0,4.2,101.6,10.1,30.2,29.7,29.9,0.00657218223275361,1397.9375,2795.875,2795.875
24025,10.0,MD,Harford County,1.0,250439.0,10.7,8.4,9.0,4.2,106.1,7.2,27.8,30.5,34.5,0.003106544907143057,1039.1659751037344,1956.5546875,2216.2743362831857
24017,13.0,MD,Charles County,1.0,157430.0,11.7,7.0,10.0,4.2,119.2,7.2,32.3,33.1,27.4,0.010398272247983231,1405.625,2422.0,3349.574468085106
22033,14.0,LA,East Baton Rouge Parish,2.0,447731.0,13.7,8.6,29.0,5.1,111.2,9.8,27.4,28.6,34.2,0.0027583526715818205,620.1260387811634,1340.5119760479042,1153.9458762886597
22005,12.0,LA,Ascension Parish,2.0,121488.0,14.0,6.4,14.0,4.9,163.6,11.8,34.8,26.8,26.6,0.01738443303042276,1481.560975609756,3471.0857142857144,2584.851063829787
22019,6.0,LA,Calcasieu Parish,3.0,200632.0,14.6,10.1,28.0,4.8,103.7,14.6,34.6,30.3,20.6,0.010417082020814226,754.2556390977444,1579.7795275590552,1443.3956834532373
22103,11.0,LA,St. Tammany Parish,1.0,252772.0,12.1,9.0,13.0,5.0,145.2,11.2,26.6,30.9,31.3,0.013656575886569714,905.9928315412186,1696.456375838926,1944.4
17031,13.0,IL,Cook County,1.0,5231356.0,13.0,7.9,21.0,6.1,98.4,14.2,23.7,25.7,36.5,-0.0027669690229454847,850.4887010242237,1273.4556962025317,2560.624571708272
17197,14.0,IL,Will County,1.0,689731.0,11.3,6.5,10.0,6.0,133.9,9.2,26.9,30.5,33.5,0.004075501898566252,1473.784188034188,2758.924,3163.9036697247707
15001,15.0,HI,Hawaii County,5.0,198681.0,12.0,10.0,19.0,3.7,73.2,8.4,31.7,32.3,27.6,0.009769429386805986,2257.7386363636365,2879.4347826086955,10456.894736842105
15009,9.0,HI,Maui County,3.0,165384.0,11.4,7.7,12.0,3.1,93.4,8.2,31.5,34.7,25.7,0.006016301456005417,1425.7241379310344,2147.844155844156,4240.615384615385
15003,8.0,HI,Honolulu County,2.0,992761.0,13.3,8.3,10.0,2.8,107.2,8.9,26.2,31.5,33.4,-0.0009619636548978052,8204.636363636364,11030.677777777777,32024.548387096773
13103,12.0,GA,Effingham County,2.0,58553.0,13.1,7.6,15.0,4.8,119.3,13.8,36.9,31.0,18.3,0.025720287602684747,3444.294117647059,4504.076923076923,14638.25
12089,10.0,FL,Nassau County,1.0,79922.0,10.6,10.3,14.0,4.5,133.6,9.1,34.9,31.5,24.5,0.025412276970045795,1700.468085106383,3996.1,2960.074074074074
10003,7.0,DE,New Castle County,1.0,557851.0,11.7,8.4,15.0,4.4,108.3,9.5,28.9,26.1,35.4,0.004058431373251997,676.1830303030303,1384.2456575682381,1321.9218009478673
56035,10.0,WY,Sublette County,9.0,10002.0,10.6,4.6,7.0,6.4,117.0,4.7,37.5,33.4,24.4,-0.005398920215956809,1000.2,2500.5,1667.0
56031,13.0,WY,Platte County,7.0,8675.0,9.5,10.1,15.0,4.7,88.5,9.7,32.3,38.3,19.7,-0.014063400576368876,1239.2857142857142,2891.6666666666665,2168.75
56003,8.0,WY,Big Horn County,9.0,11941.0,10.9,10.9,14.0,4.9,80.6,10.4,29.9,40.4,19.3,-0.0012561761996482707,1990.1666666666667,3980.3333333333335,3980.3333333333335
56037,10.0,WY,Sweetwater County,5.0,44245.0,14.0,6.7,9.0,6.0,120.8,9.3,34.1,35.2,21.4,-0.01100689343428636,1701.7307692307693,4916.111111111111,2602.6470588235293
56045,11.0,WY,Weston County,7.0,7198.0,10.8,8.3,14.0,4.9,91.7,8.6,32.7,39.9,18.8,0.002361767157543762,1028.2857142857142,2399.3333333333335,1799.5
56011,11.0,WY,Crook County,9.0,7497.0,14.7,6.7,9.0,4.5,98.8,6.1,32.6,40.0,21.4,0.008670134720554888,3748.5,7497.0,7497.0
56027,14.0,WY,Niobrara County,9.0,2470.0,11.3,9.3,15.0,3.2,73.5,11.1,27.7,42.2,19.0,-0.010526315789473684,2470.0,2470.0,2470.0
56007,14.0,WY,Carbon County,7.0,15727.0,14.7,8.1,12.0,4.6,95.8,9.6,34.8,35.3,20.3,0.005213963247917594,2246.714285714286,7863.5,3145.4
55013,12.0,WI,Burnett County,8.0,15229.0,9.6,11.4,23.0,6.0,84.6,7.9,39.3,34.2,18.5,0.006500755138223127,1692.111111111111,3045.8,3807.25
55061,7.0,WI,Kewaunee County,2.0,20384.0,9.7,8.2,9.0,3.7,107.5,7.9,42.4,32.8,16.9,0.002354788069073783,1019.2,4076.8,1358.9333333333334
55019,11.0,WI,Clark County,6.0,34558.0,17.3,9.3,22.0,3.9,85.7,18.4,42.5,27.6,11.5,0.004861392441692228,1919.888888888889,3455.8,4319.75
55115,8.0,WI,Shawano County,6.0,40941.0,9.7,11.0,19.0,4.1,88.4,9.4,45.0,30.0,15.6,-0.0027356439754769057,1169.7428571428572,2408.294117647059,2274.5
55083,7.0,WI,Oconto County,2.0,37471.0,9.0,9.3,13.0,4.4,102.1,9.6,44.0,30.2,16.2,-0.00013343652424541646,1441.1923076923076,3747.1,2341.9375
55001,12.0,WI,Adams County,8.0,19997.0,6.4,13.3,25.0,6.0,74.6,12.7,42.9,31.7,12.7,-0.0017502625393809072,2499.625,4999.25,4999.25
55077,13.0,WI,Marquette County,8.0,15137.0,8.9,12.2,20.0,5.1,88.1,11.5,42.8,31.9,13.8,0.0011891391953491445,15137.0,15137.0,15137.0
55037,11.0,WI,Florence County,9.0,4334.0,7.6,12.9,20.0,5.9,84.0,7.2,38.3,37.1,17.5,-0.0027688047992616522,4334.0,4334.0,4334.0
55065,10.0,WI,Lafayette County,8.0,16776.0,12.7,7.9,18.0,3.2,98.7,10.1,40.5,31.7,17.7,-0.001430615164520744,2396.5714285714284,4194.0,5592.0
54105,14.0,WV,Wirt County,3.0,5770.0,9.8,9.0,27.0,8.8,87.0,16.7,48.8,24.9,9.7,-0.006065857885615251,1923.3333333333333,2885.0,5770.0
54027,9.0,WV,Hampshire County,3.0,23343.0,10.7,11.6,25.0,4.4,104.6,20.0,49.6,19.0,11.4,0.0010709848776935269,2917.875,23343.0,3334.714285714286
54047,16.0,WV,McDowell County,7.0,19139.0,10.1,17.0,44.0,12.2,56.7,35.1,44.9,14.8,5.2,-0.02952087360886149,1594.9166666666667,9569.5,1913.9
54023,12.0,WV,Grant County,7.0,11643.0,11.3,10.8,23.0,6.0,89.1,18.3,46.9,20.8,14.0,-0.0019754358842222794,1164.3,1293.6666666666667,11643.0
53069,17.0,WA,Wahkiakum County,8.0,4176.0,5.1,7.6,25.0,8.5,80.8,6.9,30.6,47.4,15.1,0.03807471264367816,4176.0,4176.0,4176.0
53029,12.0,WA,Island County,4.0,81638.0,12.0,9.3,12.0,5.8,96.1,5.2,22.8,40.2,31.7,0.020076434993507926,2332.5142857142855,4296.736842105263,5102.375
53035,10.0,WA,Kitsap County,2.0,263109.0,12.1,8.6,12.0,5.5,102.4,5.7,22.6,40.5,31.2,0.014951978077526804,1110.1645569620252,1920.5036496350365,2631.09
53045,16.0,WA,Mason County,4.0,62123.0,10.6,10.8,23.0,7.5,78.7,12.6,31.7,37.1,18.6,0.01833459427265264,3654.294117647059,5647.545454545455,10353.833333333334
53019,17.0,WA,Ferry County,9.0,7542.0,8.8,9.2,28.0,10.2,60.5,12.5,31.5,37.9,18.1,0.0027844073190135244,1508.4,2514.0,3771.0
53023,13.0,WA,Garfield County,8.0,2257.0,13.4,9.4,19.0,5.8,77.4,3.6,31.7,40.5,24.2,0.011519716437749225,2257.0,2257.0,2257.0
53059,14.0,WA,Skamania County,1.0,11593.0,7.8,6.0,18.0,6.9,83.2,9.5,28.6,39.2,22.7,0.018631933063055293,11593.0,11593.0,5796.5
51117,12.0,VA,Mecklenburg County,7.0,30786.0,8.4,14.5,26.0,5.7,67.3,20.1,32.8,30.0,17.1,-0.005359579029428962,855.1666666666666,1620.3157894736842,1810.9411764705883
51025,16.0,VA,Brunswick County,6.0,16275.0,8.1,13.2,30.0,6.0,57.9,22.7,37.8,27.1,12.4,-0.013947772657450078,2325.0,5425.0,4068.75
51017,9.0,VA,Bath County,8.0,4413.0,7.4,9.9,18.0,3.7,69.1,12.7,41.2,30.7,15.4,-0.010650351234987537,4413.0,1471.0,4413.0
51033,9.0,VA,Caroline County,1.0,30071.0,12.2,9.6,15.0,4.5,81.4,16.6,37.5,27.1,18.8,0.005753051112367397,3758.875,4295.857142857143,30071.0
51159,10.0,VA,Richmond County,9.0,8784.0,8.8,10.8,24.0,3.7,66.6,19.4,40.9,26.2,13.4,-0.0012522768670309653,2928.0,4392.0,8784.0
51057,10.0,VA,Essex County,6.0,11096.0,11.0,10.5,24.0,4.9,73.4,17.9,37.4,28.0,16.7,0.0016222062004325882,853.5384615384615,1109.6,3698.6666666666665
51111,13.0,VA,Lunenburg County,9.0,12266.0,9.9,13.2,26.0,4.7,56.2,24.2,35.5,28.5,11.8,-0.005217674873634437,2453.2,3066.5,12266.0
51045,14.0,VA,Craig County,2.0,5140.0,9.7,10.3,22.0,4.8,70.8,12.9,46.2,28.0,13.0,0.0001945525291828794,2570.0,5140.0,5140.0
51181,14.0,VA,Surry County,8.0,6570.0,8.8,10.4,22.0,5.3,76.0,16.4,30.1,30.7,22.8,-0.015220700152207,6570.0,6570.0,6570.0
51071,11.0,VA,Giles County,3.0,16887.0,11.4,12.7,18.0,5.4,76.0,14.8,39.3,30.0,15.9,0.006750755018653402,1688.7,2110.875,8443.5
51067,6.0,VA,Franklin County,2.0,56159.0,9.4,10.4,18.0,4.3,77.0,14.6,33.4,31.3,20.7,-0.0012820741110062502,2339.9583333333335,4679.916666666667,4679.916666666667
51113,9.0,VA,Madison County,8.0,13108.0,11.6,9.5,18.0,3.2,83.3,14.2,35.9,24.3,25.6,0.0056454073848031736,1872.5714285714287,2621.6,6554.0
51079,9.0,VA,Greene County,3.0,19331.0,10.6,7.9,13.0,3.3,97.1,16.5,32.4,26.6,24.4,0.007293983756660287,3866.2,4832.75,19331.0
51097,9.0,VA,King and Queen County,8.0,7067.0,8.5,7.6,19.0,4.2,76.5,14.5,41.1,25.1,19.2,-0.0021225413895570966,7067.0,7067.0,7067.0
51063,8.0,VA,Floyd County,3.0,15658.0,7.7,9.3,17.0,4.1,62.6,16.5,35.4,30.4,17.7,0.00708902797292119,1739.7777777777778,2236.8571428571427,7829.0
51101,10.0,VA,King William County,1.0,16412.0,11.5,8.8,12.0,3.8,99.9,11.7,38.1,31.6,18.6,0.00798196441628077,2735.3333333333335,3282.4,16412.0
51127,10.0,VA,New Kent County,1.0,21030.0,10.2,7.4,8.0,3.4,124.0,8.2,33.0,32.8,26.0,0.030813124108416547,21030.0,21030.0,21030.0
51119,14.0,VA,Middlesex County,8.0,10768.0,8.8,13.1,25.0,3.9,73.2,11.4,32.4,32.8,23.4,0.008358098068350668,1538.2857142857142,2153.6,5384.0
51115,14.0,VA,Mathews County,1.0,8806.0,8.2,15.5,18.0,4.0,87.2,8.5,33.7,31.2,26.6,-0.004883034294799001,2935.3333333333335,8806.0,4403.0
51036,14.0,VA,Charles City County,1.0,7023.0,7.1,11.2,20.0,4.6,83.5,22.7,40.6,23.9,12.7,-0.0021358393848782574,3511.5,7023.0,7023.0
51193,10.0,VA,Westmoreland County,6.0,17659.0,11.1,12.0,28.0,4.6,71.9,15.0,35.0,28.8,21.2,0.00600260490401495,4414.75,5886.333333333333,17659.0
51099,10.0,VA,King George County,6.0,25918.0,12.6,6.1,9.0,4.3,118.4,7.2,27.0,31.4,34.5,0.02017902615942588,2356.181818181818,8639.333333333334,3239.75
51037,14.0,VA,Charlotte County,8.0,12130.0,11.5,12.1,29.0,5.1,56.6,20.0,41.1,25.8,13.0,-0.003792250618301731,1516.25,4043.3333333333335,2426.0
51171,9.0,VA,Shenandoah County,6.0,42928.0,10.7,11.4,15.0,3.8,79.0,14.3,39.7,26.6,19.4,0.0014908684308609765,1226.5142857142857,2259.3684210526317,2683.0
51139,9.0,VA,Page County,6.0,23591.0,9.4,12.4,24.0,5.6,67.3,20.8,44.1,22.2,12.9,-0.002458564706879742,1685.0714285714287,2948.875,3931.8333333333335
51141,17.0,VA,Patrick County,8.0,17769.0,7.2,15.0,28.0,4.9,56.6,20.3,35.3,30.8,13.6,-0.009961168326861388,2221.125,5923.0,3553.8
51021,11.0,VA,Bland County,8.0,6475.0,8.3,13.5,17.0,5.3,65.8,10.8,37.7,35.3,16.2,-0.009266409266409266,647.5,3237.5,809.375
51157,12.0,VA,Rappahannock County,1.0,7333.0,6.7,9.5,17.0,3.6,95.8,12.8,26.5,28.3,32.4,-0.006954861584617483,7333.0,2444.3333333333335,7333.0
51009,9.0,VA,Amherst County,2.0,31667.0,11.3,10.7,21.0,4.4,68.3,17.3,34.9,29.0,18.9,0.0009157798338964853,2638.9166666666665,4523.857142857143,6333.4
51053,11.0,VA,Dinwiddie County,1.0,28025.0,7.1,9.6,18.0,4.9,80.4,18.9,36.5,27.7,16.9,0.006280107047279215,28025.0,14012.5,28025.0
51007,9.0,VA,Amelia County,1.0,12830.0,10.9,9.8,16.0,4.3,82.5,18.7,36.8,30.4,14.1,0.0035853468433359316,12830.0,12830.0,12830.0
51011,12.0,VA,Appomattox County,2.0,15505.0,10.9,10.7,20.0,4.7,75.5,16.4,35.4,28.6,19.6,0.002386326991293131,3101.0,5168.333333333333,7752.5
49033,13.0,UT,Rich County,8.0,2306.0,13.5,4.8,12.0,3.2,91.0,3.9,36.5,39.2,20.4,0.003469210754553339,2306.0,2306.0,2306.0
49009,6.0,UT,Daggett County,9.0,1081.0,9.1,9.1,11.0,5.2,83.1,4.9,40.0,40.6,14.5,-0.02312673450508788,1081.0,1081.0,1081.0
49015,14.0,UT,Emery County,7.0,10222.0,13.3,7.4,16.0,6.3,82.8,8.0,32.7,45.8,13.5,-0.013108980630013697,10222.0,10222.0,10222.0
49045,9.0,UT,Tooele County,1.0,64599.0,15.2,5.3,9.0,3.8,98.1,8.4,32.0,38.8,20.8,0.03031006671929906,2227.551724137931,4614.214285714285,4306.6
49025,10.0,UT,Kane County,6.0,7326.0,11.6,7.9,16.0,3.8,73.9,5.0,30.0,39.7,25.3,0.03822003822003822,1221.0,2442.0,2442.0
48337,9.0,TX,Montague County,6.0,19436.0,12.4,13.4,24.0,4.9,81.7,17.9,35.6,31.8,14.8,0.008026342868903066,1619.6666666666667,2776.5714285714284,3887.2
48163,17.0,TX,Frio County,6.0,19385.0,12.2,6.8,33.0,4.9,69.3,37.2,34.3,21.2,7.3,0.006448284756254836,3230.8333333333335,4846.25,9692.5
48295,14.0,TX,Lipscomb County,9.0,3509.0,13.6,4.5,16.0,4.4,95.8,19.9,33.6,28.8,17.7,-0.013679110857794243,3509.0,3509.0,3509.0
48413,16.0,TX,Schleicher County,8.0,3064.0,9.3,5.8,26.0,5.2,83.5,23.7,24.6,32.6,19.1,-0.04210182767624021,3064.0,3064.0,3064.0
48369,16.0,TX,Parmer County,7.0,9818.0,17.3,5.8,22.0,2.5,85.4,31.4,31.0,21.6,16.0,0.001833367284579344,1636.3333333333333,3272.6666666666665,3272.6666666666665
48495,13.0,TX,Winkler County,6.0,7872.0,16.3,6.4,22.0,7.7,94.2,31.9,28.7,29.0,10.3,-0.015625,7872.0,7872.0,7872.0
48233,17.0,TX,Hutchinson County,6.0,21570.0,14.3,11.3,19.0,5.6,95.3,15.1,30.5,39.1,15.3,-0.009782104775150673,1960.909090909091,2396.6666666666665,10785.0
48169,17.0,TX,Garza County,6.0,6444.0,10.8,4.4,32.0,3.9,78.1,43.0,26.9,21.3,8.8,0.011638733705772812,3222.0,6444.0,6444.0
48045,13.0,TX,Briscoe County,9.0,1486.0,6.0,11.3,26.0,4.4,76.7,22.5,26.6,27.9,23.0,-0.01816958277254374,1486.0,1486.0,1486.0
48193,10.0,TX,Hamilton County,6.0,8231.0,11.2,17.3,25.0,4.9,80.8,17.8,33.8,26.9,21.5,0.01956019924675009,8231.0,1028.875,8231.0
48117,13.0,TX,Deaf Smith County,6.0,18850.0,17.3,6.5,27.0,3.1,77.7,28.2,31.1,26.5,14.2,0.002546419098143236,3141.6666666666665,9425.0,4712.5
48033,7.0,TX,Borden County,8.0,660.0,15.2,7.6,17.0,3.6,106.6,6.7,23.3,33.5,36.5,0.006060606060606061,660.0,660.0,660.0
48301,6.0,TX,Loving County,9.0,115.0,8.5,8.5,18.0,4.7,113.4,25.4,31.3,40.3,3.0,-0.034782608695652174,115.0,115.0,115.0
48359,15.0,TX,Oldham County,2.0,2074.0,9.2,5.3,33.0,3.0,95.8,15.2,25.4,33.5,25.9,0.0048216007714561235,2074.0,2074.0,2074.0
48417,13.0,TX,Shackelford County,8.0,3364.0,11.0,5.7,23.0,3.8,97.9,15.5,29.2,30.1,25.2,0.005648038049940547,1682.0,3364.0,3364.0
48297,16.0,TX,Live Oak County,8.0,12022.0,10.5,9.5,23.0,5.9,91.8,20.8,35.2,32.8,11.1,-0.011312593578439528,3005.5,6011.0,6011.0
48333,12.0,TX,Mills County,9.0,4894.0,6.7,11.5,21.0,4.1,76.9,16.9,27.1,33.3,22.8,0.0014303228442991418,4894.0,4894.0,4894.0
48101,10.0,TX,Cottle County,9.0,1404.0,5.6,14.1,37.0,5.1,61.2,27.8,30.3,25.7,16.2,-0.024216524216524215,1404.0,1404.0,1404.0
48379,11.0,TX,Rains County,8.0,11307.0,7.5,13.5,26.0,4.0,83.7,18.1,41.0,31.4,9.5,0.015742460422746973,11307.0,11307.0,11307.0
48325,12.0,TX,Medina County,1.0,49196.0,12.1,8.6,21.0,4.4,90.7,17.5,31.7,31.4,19.4,0.01658671436702171,3514.0,4099.666666666667,24598.0
48351,15.0,TX,Newton County,2.0,14186.0,8.9,9.7,32.0,7.9,73.1,13.3,49.9,29.3,7.5,0.0011983645848019173,14186.0,7093.0,14186.0
48235,10.0,TX,Irion County,3.0,1570.0,10.3,4.5,13.0,3.2,118.9,8.3,38.0,38.0,15.7,0.017197452229299363,1570.0,1570.0,1570.0
48461,16.0,TX,Upton County,8.0,3697.0,17.7,6.0,18.0,5.3,99.6,24.6,37.6,27.8,9.9,0.01271301054909386,3697.0,3697.0,3697.0
48263,12.0,TX,Kent County,9.0,752.0,10.7,5.3,15.0,3.0,79.7,21.7,29.7,24.7,23.9,0.006648936170212766,752.0,752.0,752.0
48031,10.0,TX,Blanco County,8.0,11341.0,9.1,10.5,18.0,3.1,101.9,10.1,31.9,29.3,28.8,0.026717220703641655,2835.25,5670.5,5670.5
48237,12.0,TX,Jack County,6.0,8766.0,11.0,10.2,23.0,4.9,83.0,21.1,41.9,26.2,10.8,-0.008327629477526808,8766.0,2922.0,8766.0
48431,11.0,TX,Sterling County,8.0,1351.0,15.7,5.2,21.0,3.9,107.1,14.3,36.9,25.1,23.7,0.014803849000740192,1351.0,1351.0,1351.0
48475,13.0,TX,Ward County,6.0,11589.0,15.6,10.1,19.0,5.7,112.8,23.0,34.6,28.3,14.1,-0.004314436103201312,5794.5,11589.0,11589.0
48011,10.0,TX,Armstrong County,2.0,1856.0,9.0,15.4,16.0,2.8,97.0,10.2,26.9,39.8,23.1,-0.02478448275862069,928.0,1856.0,1856.0
48009,12.0,TX,Archer County,3.0,8774.0,9.0,11.0,14.0,4.3,104.1,9.9,34.6,33.7,21.8,0.002165488944609072,8774.0,8774.0,8774.0
48343,14.0,TX,Morris County,6.0,12490.0,13.0,12.6,31.0,10.9,67.6,13.1,37.9,32.5,16.5,0.007926341072858287,3122.5,6245.0,6245.0
48021,10.0,TX,Bastrop County,1.0,82754.0,13.6,8.4,19.0,3.7,99.8,19.4,29.7,32.5,18.4,0.030886724508785074,2507.6969696969695,4137.7,6365.692307692308
48331,15.0,TX,Milam County,6.0,24735.0,13.0,11.8,27.0,5.2,74.8,19.7,36.7,27.9,15.7,0.014352132605619567,1455.0,3533.5714285714284,2473.5
48099,6.0,TX,Coryell County,2.0,74943.0,12.9,6.2,19.0,4.7,88.6,12.4,28.2,44.2,15.1,-0.017186394993528416,2204.205882352941,3944.3684210526317,4996.2
48065,14.0,TX,Carson County,2.0,6107.0,9.7,7.6,12.0,3.3,110.6,7.8,28.1,37.8,26.4,0.016374652038644178,6107.0,6107.0,3053.5
48013,8.0,TX,Atascosa County,1.0,48666.0,13.6,7.9,25.0,5.3,94.8,24.7,36.1,24.9,14.3,0.006513787860107673,2561.3684210526317,4424.181818181818,6083.25
48105,11.0,TX,Crockett County,7.0,3653.0,14.9,8.4,29.0,7.5,82.3,26.3,34.3,28.3,11.0,-0.021626060771968245,1217.6666666666667,3653.0,1826.5
48501,12.0,TX,Yoakum County,7.0,8625.0,18.2,5.1,17.0,4.8,100.9,28.6,29.2,24.4,17.8,0.00023188405797101448,4312.5,8625.0,8625.0
48015,7.0,TX,Austin County,1.0,29637.0,11.7,9.1,22.0,5.3,98.9,17.6,29.2,32.2,21.0,0.006410905287309782,2963.7,7409.25,4939.5
48365,9.0,TX,Panola County,6.0,23440.0,12.0,11.1,22.0,7.2,84.4,15.7,32.2,37.9,14.2,-0.00938566552901024,23440.0,3906.6666666666665,23440.0
48467,11.0,TX,Van Zandt County,6.0,54377.0,12.2,11.9,22.0,4.3,87.9,17.7,35.1,30.9,16.3,0.017783253949280025,3020.9444444444443,6797.125,5437.7
48067,10.0,TX,Cass County,6.0,30080.0,12.0,14.2,26.0,7.2,71.7,14.1,45.0,26.4,14.4,-0.0020944148936170213,3342.222222222222,4297.142857142857,15040.0
48457,16.0,TX,Tyler County,6.0,21434.0,10.0,12.6,26.0,7.3,77.1,15.6,42.8,30.3,11.3,0.0032658393207054214,5358.5,7144.666666666667,21434.0
48473,12.0,TX,Waller County,1.0,50058.0,12.2,6.3,23.0,5.6,99.7,21.6,30.5,29.1,18.7,0.0283471173438811,10011.6,16686.0,25029.0
48429,8.0,TX,Stephens County,7.0,9408.0,11.6,11.4,30.0,5.3,75.7,22.9,33.8,26.5,16.9,0.002657312925170068,1881.6,3136.0,4704.0
48051,12.0,TX,Burleson County,3.0,17811.0,12.6,12.6,24.0,4.6,85.8,19.6,39.3,26.4,14.8,0.01414855987872663,2968.5,4452.75,8905.5
48383,13.0,TX,Reagan County,6.0,3738.0,21.5,7.2,19.0,6.2,119.0,28.5,35.7,24.4,11.5,-0.018994114499732477,3738.0,1869.0,3738.0
48071,9.0,TX,Chambers County,1.0,40283.0,13.6,6.5,13.0,6.1,141.9,16.2,29.2,33.5,21.1,0.030385025941464142,6713.833333333333,20141.5,10070.75
48399,12.0,TX,Runnels County,6.0,10255.0,11.7,12.5,27.0,3.9,70.9,21.2,36.3,24.4,18.1,-0.0098488542174549,10255.0,1465.0,10255.0
48243,13.0,TX,Jeff Davis County,9.0,2245.0,6.3,5.8,41.0,2.9,82.5,19.4,17.3,24.9,38.4,0.01826280623608018,1122.5,2245.0,2245.0
48019,16.0,TX,Bandera County,1.0,21710.0,8.0,10.3,24.0,4.1,98.8,13.2,30.9,31.9,24.0,0.025978811607554123,4342.0,10855.0,7236.666666666667
48291,8.0,TX,Liberty County,1.0,81377.0,14.0,10.3,23.0,7.5,85.9,23.8,39.1,27.1,10.0,0.022549368986322916,2141.5,4520.944444444444,4068.85
48287,13.0,TX,Lee County,6.0,16998.0,12.3,11.3,19.0,3.8,91.5,17.7,37.0,28.3,17.0,0.00676550182374397,2833.0,5666.0,5666.0
48281,9.0,TX,Lampasas County,2.0,20657.0,10.7,9.7,22.0,4.2,93.0,11.4,26.3,41.8,20.5,0.011666747349566733,2295.222222222222,2951.0,10328.5
48327,13.0,TX,Menard County,9.0,2102.0,8.0,11.3,39.0,4.5,61.6,21.1,36.0,27.8,15.1,-0.01379638439581351,2102.0,2102.0,2102.0
48253,7.0,TX,Jones County,3.0,19994.0,8.2,9.5,27.0,5.8,72.3,22.7,39.6,26.6,11.0,0.0005501650495148545,2499.25,6664.666666666667,3998.8
48393,7.0,TX,Roberts County,9.0,916.0,12.0,4.4,8.0,4.5,134.0,6.1,29.1,33.3,31.5,0.006550218340611353,916.0,916.0,916.0
48007,12.0,TX,Aransas County,2.0,25275.0,11.2,12.7,33.0,5.6,79.3,16.8,28.4,34.6,20.2,0.01744807121661721,1486.764705882353,1805.357142857143,8425.0
48207,15.0,TX,Haskell County,6.0,5765.0,7.4,10.2,36.0,4.2,61.2,31.5,32.5,22.5,13.5,-0.009019947961838682,1153.0,1441.25,5765.0
48173,8.0,TX,Glasscock County,8.0,1350.0,10.3,2.2,12.0,3.9,126.1,24.8,23.1,26.8,25.2,-0.014074074074074074,1350.0,1350.0,1350.0
48409,11.0,TX,San Patricio County,2.0,67262.0,15.4,9.8,26.0,7.5,91.3,21.9,31.6,32.1,14.5,0.0026463679343462876,2038.2424242424242,4203.875,3956.5882352941176
48195,13.0,TX,Hansford County,7.0,5532.0,11.1,7.4,20.0,3.1,102.2,26.0,29.1,24.1,20.8,-0.013919016630513377,5532.0,2766.0,5532.0
48411,13.0,TX,San Saba County,7.0,5872.0,12.0,11.0,33.0,3.4,70.7,25.5,31.7,28.2,14.5,-0.007663487738419619,1957.3333333333333,5872.0,2936.0
48179,12.0,TX,Gray County,6.0,22738.0,14.1,10.7,24.0,6.9,84.5,19.7,32.3,34.4,13.6,-0.0222974755915208,1263.2222222222222,2842.25,2273.8
48203,10.0,TX,Harrison County,4.0,66730.0,12.8,10.6,25.0,6.0,83.4,17.2,34.2,30.9,17.7,-0.0004495729057395474,2152.5806451612902,4170.625,4448.666666666667
48165,11.0,TX,Gaines County,7.0,20481.0,22.6,5.4,22.0,3.7,91.7,39.6,28.8,21.1,10.5,0.01308529856940579,4096.2,5120.25,20481.0
48421,15.0,TX,Sherman County,9.0,3075.0,11.4,6.2,18.0,2.9,98.5,25.7,26.3,26.4,21.6,0.004878048780487805,3075.0,3075.0,1537.5
48151,12.0,TX,Fisher County,8.0,3881.0,11.9,8.5,23.0,4.3,81.7,17.2,32.1,32.3,18.4,0.002576655501159495,3881.0,3881.0,3881.0
48147,9.0,TX,Fannin County,6.0,33855.0,11.1,13.0,22.0,3.8,81.9,17.0,34.7,32.7,15.6,0.011194801358735785,2821.25,4836.428571428572,6771.0
48493,6.0,TX,Wilson County,1.0,48190.0,11.6,7.6,14.0,3.9,116.7,15.1,35.1,30.5,19.3,0.021332226603029674,2190.4545454545455,3706.923076923077,5354.444444444444
48175,12.0,TX,Goliad County,3.0,7521.0,11.4,10.6,25.0,5.8,97.7,11.2,37.6,35.2,16.0,0.0014625714665602977,7521.0,7521.0,7521.0
48103,15.0,TX,Crane County,6.0,4807.0,17.3,4.9,14.0,8.6,101.5,27.2,31.0,29.0,12.9,-0.04160599126274184,4807.0,2403.5,4807.0
48077,7.0,TX,Clay County,3.0,10242.0,8.8,11.3,19.0,4.4,86.9,10.7,41.9,31.1,16.3,-0.010837727006444054,2048.4,2560.5,10242.0
48055,11.0,TX,Caldwell County,1.0,41108.0,13.6,7.5,24.0,4.3,87.7,20.9,36.1,28.3,14.7,0.01778242677824268,1957.5238095238096,3425.6666666666665,4567.555555555556
48035,11.0,TX,Bosque County,6.0,18010.0,11.2,14.2,26.0,4.3,84.2,17.7,34.9,29.7,17.7,0.008162132148806218,1801.0,2572.8571428571427,6003.333333333333
47139,13.0,TN,Polk County,3.0,16770.0,8.9,12.4,25.0,5.7,86.6,21.0,41.8,27.5,9.7,0.00041741204531902206,1397.5,2795.0,2795.0
47161,17.0,TN,Stewart County,8.0,13174.0,10.3,11.1,25.0,6.8,92.0,13.7,41.6,31.6,13.0,-0.0018217701533323211,1882.0,6587.0,2634.8
47081,15.0,TN,Hickman County,1.0,24649.0,10.9,10.7,28.0,4.6,85.4,22.8,41.9,23.8,11.4,0.011481195991723802,2240.818181818182,6162.25,3521.285714285714
47069,18.0,TN,Hardeman County,6.0,25476.0,9.9,11.3,31.0,6.1,75.6,23.0,45.9,20.4,10.8,-0.012050557387344953,1107.6521739130435,2830.6666666666665,1819.7142857142858
46069,15.0,SD,Hyde County,9.0,1339.0,10.3,11.7,11.0,2.7,92.9,7.0,44.2,28.4,20.4,-0.03659447348767737,1339.0,1339.0,1339.0
46077,15.0,SD,Kingsbury County,9.0,4977.0,13.1,12.1,12.0,2.6,90.4,9.4,37.6,30.3,22.7,0.004621257785814748,4977.0,4977.0,995.4
46057,15.0,SD,Hamlin County,9.0,5878.0,19.5,10.3,12.0,3.4,104.8,7.2,44.2,28.1,20.5,-0.00935692412385165,5878.0,5878.0,1959.3333333333333
46045,15.0,SD,Edmunds County,9.0,3938.0,10.8,8.6,14.0,2.3,101.0,11.1,33.0,33.0,22.9,-0.014982224479431183,3938.0,3938.0,984.5
46031,20.0,SD,Corson County,9.0,4125.0,21.7,10.4,49.0,4.5,56.9,18.4,34.9,30.4,16.4,-0.012363636363636363,1375.0,4125.0,2062.5
46039,11.0,SD,Deuel County,9.0,4238.0,10.8,7.3,13.0,4.9,97.4,8.5,41.4,30.4,19.8,-0.015809344030202926,2119.0,4238.0,4238.0
46101,13.0,SD,Moody County,8.0,6556.0,13.8,6.5,15.0,3.7,101.5,9.0,32.3,31.9,26.8,0.013575350823672972,1639.0,6556.0,2185.3333333333335
46085,16.0,SD,Lyman County,9.0,3920.0,20.5,6.7,31.0,4.6,77.7,12.0,39.1,30.7,18.3,0.009948979591836734,3920.0,3920.0,1306.6666666666667
46019,11.0,SD,Butte County,6.0,10127.0,11.4,10.1,21.0,3.5,80.2,9.0,38.1,33.2,19.7,-0.007998420065172311,2531.75,5063.5,5063.5
46125,11.0,SD,Turner County,3.0,8268.0,11.0,11.3,12.0,2.8,107.1,7.8,35.3,35.4,21.4,0.016932752781809387,2756.0,4134.0,8268.0
46041,18.0,SD,Dewey County,9.0,5774.0,27.0,11.0,33.0,9.0,70.2,15.1,37.0,33.9,14.1,0.013162452372705231,444.15384615384613,5774.0,481.1666666666667
46097,13.0,SD,Miner County,8.0,2241.0,11.2,11.2,17.0,2.7,85.1,9.8,38.4,30.2,21.6,0.013833110218652387,2241.0,2241.0,747.0
46107,15.0,SD,Potter County,9.0,2270.0,12.3,13.6,15.0,2.7,98.7,8.9,41.6,29.6,20.0,-0.011894273127753305,2270.0,2270.0,454.0
46119,15.0,SD,Sully County,9.0,1419.0,9.2,4.2,9.0,2.3,99.4,8.3,32.9,33.4,25.3,0.009161381254404511,1419.0,1419.0,1419.0
45037,15.0,SC,Edgefield County,2.0,26580.0,7.6,8.6,26.0,5.6,94.4,19.7,35.5,26.2,18.6,-0.0048532731376975165,4430.0,6645.0,13290.0
42067,9.0,PA,Juniata County,6.0,24475.0,10.6,10.8,17.0,5.4,87.0,17.6,51.4,17.7,13.3,0.004044943820224719,1223.75,2719.4444444444443,2225.0
41021,15.0,OR,Gilliam County,9.0,1859.0,8.6,8.6,21.0,5.8,79.7,10.1,37.8,35.1,17.1,-0.004303388918773534,1859.0,1859.0,929.5
41069,16.0,OR,Wheeler County,9.0,1326.0,10.6,8.3,40.0,4.2,61.6,8.4,38.0,36.6,17.0,0.0,1326.0,1326.0,1326.0
41049,14.0,OR,Morrow County,6.0,11219.0,15.6,6.4,19.0,4.8,93.4,24.9,34.6,30.6,10.0,0.009091719404581514,1869.8333333333333,3739.6666666666665,3739.6666666666665
41007,10.0,OR,Clatsop County,4.0,38637.0,10.7,10.2,19.0,4.7,87.0,8.1,25.6,42.3,24.1,0.022103165359629372,1073.25,1931.85,2414.8125
40059,16.0,OK,Harper County,9.0,3794.0,12.6,14.4,15.0,3.8,98.7,18.0,35.7,22.2,24.1,-0.012651555086979441,1264.6666666666667,3794.0,1897.0
40069,12.0,OK,Johnston County,9.0,11091.0,9.6,13.6,30.0,5.9,77.4,19.0,36.7,28.5,15.8,0.011090073032188261,652.4117647058823,1584.4285714285713,1109.1
40151,9.0,OK,Woods County,7.0,9134.0,11.1,9.7,17.0,3.2,102.5,12.1,33.4,27.8,26.7,-0.016312677906722136,1014.8888888888889,2283.5,1826.8
40003,9.0,OK,Alfalfa County,9.0,5914.0,10.5,6.6,19.0,3.3,109.1,11.5,40.1,27.6,20.9,0.002198173824822455,1478.5,2957.0,2957.0
40087,12.0,OK,McClain County,1.0,38599.0,12.0,9.2,15.0,4.1,125.5,12.0,34.5,30.6,22.9,0.01647711080597943,1484.576923076923,3859.9,2412.4375
39073,12.0,OH,Hocking County,1.0,28386.0,10.7,9.5,22.0,5.6,91.3,11.6,45.3,29.0,14.1,-0.003699006552525893,1774.125,3548.25,3548.25
39135,10.0,OH,Preble County,6.0,41105.0,10.1,11.5,17.0,4.7,110.6,11.2,44.8,30.5,13.5,-0.003916798443011799,1712.7083333333333,3736.818181818182,3161.923076923077
39127,11.0,OH,Perry County,1.0,36019.0,12.2,8.6,24.0,6.4,90.8,16.1,44.3,27.7,12.0,0.0016935506260584692,1800.95,3601.9,3601.9
39019,13.0,OH,Carroll County,2.0,27637.0,10.2,10.0,19.0,6.8,92.9,13.0,47.8,27.8,11.4,-0.0028584868111589537,3070.777777777778,3454.625,27637.0
39021,11.0,OH,Champaign County,6.0,38737.0,10.4,10.4,16.0,4.5,107.3,10.9,45.4,27.3,16.5,-0.005266282881999122,2278.6470588235293,3521.5454545454545,6456.166666666667
39075,8.0,OH,Holmes County,7.0,43832.0,16.2,7.2,16.0,3.6,112.3,41.5,36.3,14.4,7.7,-0.000821317758715094,1826.3333333333333,3371.6923076923076,3984.7272727272725
39161,5.0,OH,Van Wert County,6.0,28166.0,12.2,11.4,13.0,4.0,100.5,8.5,47.6,26.8,17.2,-0.004366967265497408,1224.608695652174,2560.5454545454545,2347.1666666666665
39065,8.0,OH,Hardin County,6.0,31407.0,11.4,9.8,17.0,5.0,89.7,10.6,48.9,26.2,14.4,-0.006559047346133028,1427.590909090909,2243.3571428571427,3925.875
39111,13.0,OH,Monroe County,8.0,14097.0,8.8,11.8,22.0,11.1,84.2,12.5,51.1,25.7,10.7,-0.01198836631907498,2013.857142857143,4699.0,3524.25
38087,7.0,ND,Slope County,9.0,784.0,10.2,3.8,16.0,2.5,87.3,11.4,27.8,31.5,29.3,0.002551020408163265,784.0,784.0,784.0
38049,14.0,ND,McHenry County,9.0,5988.0,11.9,6.9,13.0,4.9,86.8,10.0,34.7,34.5,20.8,0.002004008016032064,5988.0,5988.0,2994.0
38065,11.0,ND,Oliver County,3.0,1898.0,13.3,5.8,16.0,5.4,106.5,12.1,32.5,38.0,17.4,0.0184404636459431,1898.0,1898.0,1898.0
38079,20.0,ND,Rolette County,9.0,14667.0,18.3,10.6,31.0,10.8,65.6,16.0,22.3,39.2,22.5,-0.001363605372605168,814.8333333333334,2095.285714285714,1333.3636363636363
38013,17.0,ND,Burke County,9.0,2227.0,16.2,7.4,11.0,4.5,103.1,11.1,28.6,39.5,20.9,-0.05208801077682981,2227.0,2227.0,2227.0
38021,9.0,ND,Dickey County,9.0,4995.0,14.5,12.5,14.0,1.9,87.3,12.3,27.3,32.5,28.0,-0.011411411411411412,416.25,1665.0,555.0
38095,13.0,ND,Towner County,9.0,2247.0,8.9,7.6,17.0,2.2,82.4,7.7,33.3,40.4,18.6,-0.0008900756564307966,449.4,2247.0,561.75
38103,13.0,ND,Wells County,9.0,4058.0,11.8,14.0,13.0,3.9,83.5,15.2,33.0,30.5,21.3,-0.009364218827008379,676.3333333333334,2029.0,1014.5
38045,13.0,ND,LaMoure County,9.0,4114.0,11.2,10.7,15.0,2.4,84.9,13.7,30.4,33.3,22.5,-0.004861448711716091,4114.0,4114.0,4114.0
38033,10.0,ND,Golden Valley County,9.0,1861.0,11.8,4.3,12.0,2.7,91.8,7.6,24.7,45.4,22.3,-0.00967221923696937,1861.0,1861.0,1861.0
38055,15.0,ND,McLean County,8.0,9665.0,12.2,8.9,11.0,3.5,98.0,8.5,35.4,37.8,18.3,-0.0004138644593895499,966.5,9665.0,1073.888888888889
38067,13.0,ND,Pembina County,9.0,7063.0,11.2,7.9,11.0,5.0,95.7,11.1,35.2,33.5,20.2,0.003681155316437774,1177.1666666666667,3531.5,1765.75
38009,9.0,ND,Bottineau County,9.0,6579.0,10.2,12.2,13.0,4.6,88.0,9.2,32.1,37.5,21.3,-0.022799817601459188,1644.75,3289.5,3289.5
38047,11.0,ND,Logan County,9.0,1932.0,9.8,11.9,19.0,3.4,82.1,15.6,41.6,29.0,13.8,0.0015527950310559005,1932.0,1932.0,1932.0
38019,10.0,ND,Cavalier County,9.0,3810.0,12.9,8.1,14.0,2.6,85.4,9.0,28.3,44.0,18.7,-0.0015748031496062992,762.0,1905.0,1270.0
38063,13.0,ND,Nelson County,8.0,2901.0,8.9,14.4,18.0,3.4,73.1,8.3,32.4,39.8,19.4,-0.008617718028266115,725.25,967.0,2901.0
38053,15.0,ND,McKenzie County,9.0,12616.0,19.5,4.6,9.0,3.7,125.6,7.6,31.1,36.7,24.6,-0.014188332276474319,12616.0,12616.0,2523.2
38073,14.0,ND,Ransom County,8.0,5373.0,10.5,15.5,11.0,2.2,91.4,10.0,36.6,36.2,17.2,-0.014330913828401265,537.3,1791.0,767.5714285714286
38007,6.0,ND,Billings County,9.0,953.0,20.0,8.4,9.0,3.0,115.8,9.9,32.9,32.3,24.9,0.005246589716684155,953.0,953.0,953.0
38075,13.0,ND,Renville County,9.0,2523.0,14.2,10.3,9.0,3.8,92.7,7.8,31.0,44.0,17.2,-0.010305192231470472,2523.0,2523.0,2523.0
38039,13.0,ND,Griggs County,9.0,2262.0,7.0,13.6,12.0,2.8,79.7,12.4,32.8,34.6,20.3,-0.010610079575596816,452.4,2262.0,565.5
38011,9.0,ND,Bowman County,9.0,3230.0,12.3,7.4,9.0,2.2,96.4,10.2,32.6,35.2,21.9,-0.015479876160990712,3230.0,3230.0,3230.0
38081,15.0,ND,Sargent County,9.0,3890.0,11.9,7.0,11.0,1.9,96.1,8.3,31.3,41.5,19.0,0.006169665809768638,3890.0,3890.0,3890.0
38031,9.0,ND,Foster County,9.0,3310.0,8.7,12.7,13.0,3.0,87.6,11.3,28.6,38.5,21.6,-0.006042296072507553,827.5,3310.0,1103.3333333333333
38027,9.0,ND,Eddy County,9.0,2288.0,15.7,16.6,15.0,4.3,89.2,10.9,30.7,36.3,22.2,-0.006118881118881119,2288.0,2288.0,2288.0
38051,16.0,ND,McIntosh County,9.0,2604.0,7.9,14.7,19.0,3.0,69.4,18.4,31.4,31.9,18.3,-0.04262672811059908,372.0,2604.0,434.0
38029,15.0,ND,Emmons County,8.0,3335.0,6.8,15.4,18.0,4.3,72.1,15.2,36.6,33.0,15.3,-0.020989505247376312,667.0,1667.5,1111.6666666666667
38041,10.0,ND,Hettinger County,9.0,2599.0,12.9,9.9,11.0,3.0,81.0,12.1,36.1,38.0,13.8,-0.021546748749519045,2599.0,2599.0,2599.0
38023,11.0,ND,Divide County,9.0,2389.0,10.3,11.2,13.0,2.6,97.4,11.8,33.9,31.3,23.1,-0.027208036835496024,2389.0,2389.0,2389.0
37007,13.0,NC,Anson County,6.0,25119.0,9.5,14.2,36.0,5.8,70.8,19.6,41.1,29.8,9.5,-0.018909988454954417,2093.25,3139.875,6279.75
37155,16.0,NC,Robeson County,4.0,133514.0,13.1,10.8,38.0,7.9,68.1,23.6,34.4,29.3,12.6,-0.007849364111628744,1051.291338582677,2519.132075471698,1804.2432432432433
37177,21.0,NC,Tyrrell County,9.0,4039.0,11.0,8.6,38.0,8.4,66.5,27.0,39.3,25.4,8.2,-0.024511017578608567,4039.0,4039.0,4039.0
37085,11.0,NC,Harnett County,4.0,130899.0,14.0,7.7,21.0,5.8,101.0,14.2,31.3,35.2,19.3,0.020580753099718102,2077.7619047619046,5454.125,3356.3846153846152
37073,16.0,NC,Gates County,1.0,11593.0,9.5,8.9,22.0,5.1,90.4,14.7,37.3,33.6,14.5,0.005175536961959803,11593.0,11593.0,2898.25
37029,16.0,NC,Camden County,8.0,10423.0,9.4,7.7,11.0,5.2,129.3,16.8,23.4,39.5,20.4,0.012856183440468195,10423.0,10423.0,10423.0
37053,15.0,NC,Currituck County,1.0,25664.0,10.2,8.4,16.0,5.1,113.8,12.8,29.0,36.3,21.9,0.020612531172069827,3208.0,3666.285714285714,25664.0
36009,8.0,NY,Cattaraugus County,4.0,77761.0,11.1,11.0,21.0,6.0,73.7,11.8,40.3,29.8,18.1,-0.003150679646609483,883.6477272727273,1944.025,1620.0208333333333
36095,9.0,NY,Schoharie County,2.0,31453.0,7.5,9.0,18.0,5.4,80.1,11.5,38.0,30.0,20.5,-0.0003179346962133978,1497.7619047619048,2621.0833333333335,3494.777777777778
36003,13.0,NY,Allegany County,7.0,47110.0,10.5,9.4,26.0,6.3,72.1,11.0,37.8,30.8,20.5,-0.005561451921035874,1308.611111111111,3623.846153846154,2048.2608695652175
35061,17.0,NM,Valencia County,2.0,75639.0,11.2,8.5,27.0,7.2,93.5,18.3,32.7,31.8,17.1,0.0007800208886949854,2292.090909090909,5402.785714285715,3981.0
35033,19.0,NM,Mora County,9.0,4547.0,9.0,9.0,35.0,8.7,73.9,12.3,40.0,34.6,13.2,-0.0145150648779415,4547.0,4547.0,2273.5
35021,8.0,NM,Harding County,9.0,692.0,8.5,11.3,20.0,6.9,79.0,11.0,38.8,24.4,25.8,-0.044797687861271675,692.0,692.0,692.0
35025,17.0,NM,Lea County,5.0,69850.0,16.4,7.3,25.0,9.2,111.5,28.2,30.3,28.4,13.1,-0.016249105225483177,1126.6129032258063,2253.2258064516127,2253.2258064516127
35007,21.0,NM,Colfax County,7.0,12262.0,9.2,12.4,31.0,6.0,82.0,11.3,34.1,32.4,22.1,-0.013293100636111565,817.4666666666667,1532.75,1751.7142857142858
32001,15.0,NV,Churchill County,6.0,24016.0,12.9,11.6,21.0,5.4,91.1,10.6,33.3,39.5,16.6,-0.00033311125916055963,1264.0,2001.3333333333333,3430.8571428571427
32019,15.0,NV,Lyon County,4.0,52854.0,11.3,11.1,20.0,7.4,93.0,15.0,32.2,38.3,14.5,0.015552276081280509,2642.7,8809.0,3775.285714285714
32027,15.0,NV,Pershing County,9.0,6606.0,9.2,5.6,19.0,5.8,103.2,21.8,35.1,32.2,11.0,-0.00348168331819558,6606.0,3303.0,6606.0
32021,15.0,NV,Mineral County,7.0,4396.0,10.4,21.0,28.0,6.5,75.9,13.5,33.3,41.4,11.8,-0.010691537761601456,1465.3333333333333,2198.0,4396.0
32011,12.0,NV,Eureka County,9.0,1940.0,6.5,5.5,10.0,4.6,122.4,8.4,41.5,33.4,16.6,-0.04639175257731959,1940.0,1940.0,1940.0
32015,15.0,NV,Lander County,7.0,5765.0,18.5,5.8,14.0,6.2,130.1,17.1,36.3,32.6,14.1,-0.02497831743278404,5765.0,5765.0,5765.0
32029,14.0,NV,Storey County,2.0,3989.0,5.1,5.6,14.0,6.3,108.8,6.0,28.3,42.5,23.1,0.029330659313111056,3989.0,3989.0,3989.0
32009,11.0,NV,Esmeralda County,9.0,828.0,9.7,4.8,20.0,4.6,88.2,10.8,42.5,29.8,16.8,-0.0012077294685990338,828.0,828.0,828.0
31009,8.0,NE,Blaine County,9.0,469.0,19.0,2.1,21.0,4.5,86.0,1.3,35.8,37.9,25.1,-0.017057569296375266,469.0,469.0,469.0
31085,9.0,NE,Hayes County,9.0,891.0,15.5,3.3,29.0,2.4,81.4,9.2,27.2,43.0,20.6,-0.025813692480359147,891.0,891.0,891.0
31087,15.0,NE,Hitchcock County,9.0,2844.0,9.8,10.5,19.0,3.6,76.3,8.2,37.3,39.7,14.7,-0.014767932489451477,2844.0,2844.0,2844.0
31063,15.0,NE,Frontier County,9.0,2650.0,9.8,6.1,17.0,2.9,96.7,4.6,33.6,43.0,18.7,0.007169811320754717,2650.0,2650.0,2650.0
31007,5.0,NE,Banner County,9.0,724.0,15.3,4.2,22.0,3.4,89.6,4.0,31.8,47.1,17.0,0.012430939226519336,724.0,724.0,724.0
31123,14.0,NE,Morrill County,9.0,4892.0,10.4,10.2,23.0,3.2,77.9,13.3,31.8,36.0,19.0,-0.008789860997547016,543.5555555555555,1223.0,978.4
31099,12.0,NE,Kearney County,7.0,6569.0,12.8,11.6,11.0,2.4,116.4,6.6,34.5,35.0,23.9,0.0015223017202009438,1313.8,3284.5,2189.6666666666665
31069,11.0,NE,Garden County,9.0,1911.0,7.8,9.9,26.0,3.3,67.9,5.6,30.4,42.0,21.9,-0.0026164311878597592,1911.0,1911.0,1911.0
30041,14.0,MT,Hill County,7.0,16446.0,18.4,8.6,23.0,4.3,83.0,9.5,28.6,38.4,23.5,0.001398516356560866,822.3,2055.75,1370.5
30087,17.0,MT,Rosebud County,9.0,9265.0,18.4,7.5,22.0,5.5,107.3,11.7,32.3,36.2,19.8,-0.007987048030221263,1158.125,4632.5,1544.1666666666667
30055,11.0,MT,McCone County,9.0,1739.0,12.2,7.6,21.0,1.9,91.5,6.9,44.0,32.6,16.4,0.023001725129384705,1739.0,1739.0,1739.0
30019,9.0,MT,Daniels County,9.0,1734.0,6.9,8.6,10.0,2.6,98.1,5.2,33.1,38.0,23.7,-0.008073817762399077,578.0,1734.0,867.0
30079,9.0,MT,Prairie County,9.0,1166.0,11.3,13.0,16.0,3.2,86.7,6.9,41.7,32.2,19.2,0.024871355060034305,1166.0,1166.0,1166.0
30075,11.0,MT,Powder River County,9.0,1752.0,10.2,9.7,15.0,2.3,95.5,5.1,30.8,38.8,25.4,-0.008561643835616438,1752.0,1752.0,1752.0
30007,14.0,MT,Broadwater County,9.0,5788.0,8.9,9.6,15.0,4.9,101.0,6.4,37.6,28.7,27.3,0.012612301313061507,2894.0,5788.0,5788.0
30095,10.0,MT,Stillwater County,8.0,9367.0,8.2,9.4,9.0,4.0,119.2,5.0,35.8,33.8,25.4,-0.005871677164513718,1561.1666666666667,4683.5,2341.75
30025,15.0,MT,Fallon County,9.0,3091.0,14.7,8.9,11.0,3.6,107.7,3.8,39.8,41.6,14.8,-0.025558071821417016,3091.0,3091.0,1030.3333333333333
30071,11.0,MT,Phillips County,9.0,4116.0,13.6,7.8,21.0,5.3,84.7,8.7,40.4,33.4,17.4,-0.0060738581146744415,4116.0,4116.0,4116.0
30069,7.0,MT,Petroleum County,9.0,498.0,0.0,2.0,22.0,4.7,86.0,2.2,52.4,24.1,21.3,0.03614457831325301,498.0,498.0,498.0
30097,7.0,MT,Sweet Grass County,9.0,3628.0,9.7,8.6,11.0,3.1,98.8,6.0,36.8,32.5,24.7,0.0024807056229327455,1209.3333333333333,3628.0,1814.0
30045,13.0,MT,Judith Basin County,8.0,1949.0,9.8,5.2,16.0,3.4,88.7,5.1,35.0,28.5,31.3,0.009235505387378143,1949.0,1949.0,1949.0
30103,8.0,MT,Treasure County,8.0,685.0,19.0,16.1,13.0,4.2,101.0,7.8,35.0,37.3,19.8,0.0,685.0,685.0,685.0
30065,17.0,MT,Musselshell County,8.0,4636.0,8.9,11.7,26.0,5.1,83.8,9.8,42.8,32.8,14.6,0.004098360655737705,4636.0,4636.0,2318.0
30039,18.0,MT,Granite County,8.0,3292.0,5.9,7.7,21.0,5.9,86.5,10.5,35.9,28.6,25.0,0.038882138517618466,3292.0,3292.0,3292.0
30059,14.0,MT,Meagher County,9.0,1842.0,9.3,7.6,35.0,4.0,78.2,7.5,41.9,29.4,21.2,0.01248642779587405,1842.0,1842.0,1842.0
29061,12.0,MO,Daviess County,8.0,8233.0,13.6,10.8,30.0,3.9,84.2,15.9,42.1,25.2,16.8,-0.0059516579618608045,2744.3333333333335,4116.5,8233.0
29205,17.0,MO,Shelby County,9.0,6051.0,12.2,13.2,25.0,4.2,78.7,9.4,47.0,29.6,14.0,-0.008263097008758883,6051.0,6051.0,3025.5
29041,10.0,MO,Chariton County,9.0,7529.0,12.7,10.7,19.0,4.4,85.5,12.3,49.3,22.6,15.8,-0.008234825342010891,2509.6666666666665,3764.5,7529.0
29087,10.0,MO,Holt County,8.0,4479.0,11.4,11.4,21.0,3.2,81.7,9.6,43.9,26.4,20.1,-0.0008930564858227283,1119.75,4479.0,1493.0
29209,16.0,MO,Stone County,6.0,31534.0,8.0,11.4,26.0,7.0,83.3,13.3,38.9,31.0,16.9,0.006944884886154626,6306.8,31534.0,7883.5
29203,18.0,MO,Shannon County,9.0,8244.0,10.2,10.2,40.0,7.4,57.0,18.3,41.3,25.4,15.0,-0.004245511887433284,2061.0,2748.0,8244.0
29197,19.0,MO,Schuyler County,9.0,4491.0,14.7,10.0,30.0,6.4,73.7,13.3,41.7,32.4,12.5,-0.00022266755733689602,4491.0,4491.0,4491.0
29085,16.0,MO,Hickory County,8.0,9374.0,8.5,16.6,35.0,5.6,65.1,18.2,42.6,29.4,9.8,0.011201194794111372,9374.0,9374.0,9374.0
29179,15.0,MO,Reynolds County,9.0,6370.0,9.2,10.7,35.0,6.5,64.8,24.0,42.1,24.8,9.1,0.011459968602825745,1592.5,6370.0,2123.3333333333335
29177,6.0,MO,Ray County,1.0,22721.0,10.9,11.1,15.0,4.9,111.4,12.0,46.2,27.9,13.9,-0.0021565952202807974,2524.5555555555557,5680.25,4544.2
29151,12.0,MO,Osage County,3.0,13596.0,11.9,8.5,11.0,3.4,107.9,9.7,45.0,26.3,19.1,0.005589879376287144,6798.0,13596.0,13596.0
29143,18.0,MO,New Madrid County,7.0,17890.0,12.7,11.3,36.0,9.3,63.9,24.1,41.2,23.6,11.1,-0.011179429849077696,17890.0,17890.0,5963.333333333333
29135,9.0,MO,Moniteau County,3.0,16007.0,13.0,8.5,17.0,4.3,97.2,16.4,43.7,21.6,18.3,0.00812144686699569,3201.4,16007.0,4001.75
29131,13.0,MO,Miller County,6.0,24994.0,12.3,11.0,25.0,5.2,79.8,15.1,43.0,26.2,15.7,0.005001200288069136,2272.181818181818,3570.5714285714284,6248.5
29125,10.0,MO,Maries County,8.0,8874.0,9.9,9.3,23.0,5.0,83.5,17.4,41.9,26.7,14.0,-0.010592742844264142,2218.5,2958.0,8874.0
29089,15.0,MO,Howard County,6.0,10062.0,12.2,8.7,21.0,4.4,93.8,11.7,38.0,24.9,25.3,-0.007652554164182071,1437.4285714285713,3354.0,2515.5
29063,7.0,MO,DeKalb County,3.0,12505.0,8.9,8.5,16.0,4.3,90.6,14.1,47.6,24.8,13.6,-0.0031187524990004,12505.0,12505.0,12505.0
29027,10.0,MO,Callaway County,3.0,45077.0,10.4,8.6,17.0,4.1,102.8,14.3,37.4,27.8,20.5,0.008274729906604255,1803.08,2504.277777777778,6439.571428571428
29017,17.0,MO,Bollinger County,3.0,12204.0,9.7,10.0,24.0,5.2,79.2,21.2,46.0,23.3,9.4,-0.009587020648967551,12204.0,12204.0,12204.0
28073,14.0,MS,Lamar County,3.0,61230.0,12.9,7.1,19.0,4.5,137.4,7.9,24.2,31.1,36.8,0.0065817409766454355,4082.0,10205.0,6803.333333333333
28061,15.0,MS,Jasper County,9.0,16591.0,13.0,11.2,34.0,7.7,83.3,16.8,37.7,31.9,13.7,0.0025917666204568744,5530.333333333333,8295.5,16591.0
28137,13.0,MS,Tate County,1.0,28246.0,11.9,9.8,25.0,5.8,109.2,20.2,28.4,35.3,16.2,-0.004708631310628053,1661.5294117647059,4707.666666666667,2567.818181818182
28045,9.0,MS,Hancock County,2.0,46647.0,10.3,10.4,27.0,6.1,108.6,15.7,28.4,35.0,20.9,0.008403541492486118,2455.1052631578946,11661.75,3109.8
27101,12.0,MN,Murray County,9.0,8300.0,11.3,11.5,13.0,4.7,79.9,10.0,37.5,34.7,17.8,-0.01036144578313253,8300.0,8300.0,2766.6666666666665
27121,6.0,MN,Pope County,8.0,10961.0,10.5,11.2,12.0,3.5,89.8,6.5,33.7,37.3,22.5,0.0031931393121065596,1096.1,1370.125,5480.5
27077,15.0,MN,Lake of the Woods County,9.0,3796.0,11.7,11.0,16.0,4.8,72.6,10.3,42.0,30.7,17.0,-0.019494204425711276,3796.0,1898.0,3796.0
27107,15.0,MN,Norman County,8.0,6538.0,11.7,14.7,19.0,4.8,75.6,9.7,40.9,33.7,15.7,-0.012389109819516672,1089.6666666666667,3269.0,1634.5
27065,6.0,MN,Kanabec County,6.0,15882.0,9.0,9.9,20.0,6.5,78.3,11.5,40.7,34.0,13.8,0.000629643621710112,882.3333333333334,1443.8181818181818,2268.8571428571427
27143,15.0,MN,Sibley County,1.0,14792.0,10.4,11.1,12.0,4.3,93.0,10.3,40.2,32.8,16.7,-0.004123850730124392,4930.666666666667,7396.0,14792.0
27069,13.0,MN,Kittson County,9.0,4318.0,7.3,12.2,15.0,4.6,76.3,8.2,36.2,35.0,20.7,-0.019453450671607225,1439.3333333333333,2159.0,4318.0
27087,16.0,MN,Mahnomen County,8.0,5494.0,17.8,8.8,30.0,5.8,63.5,12.9,36.0,38.5,12.6,0.010738987986894794,784.8571428571429,5494.0,915.6666666666666
27029,16.0,MN,Clearwater County,8.0,8861.0,12.2,9.3,23.0,9.6,66.8,13.5,38.0,33.8,14.6,0.006432682541473874,1772.2,4430.5,2953.6666666666665
27045,9.0,MN,Fillmore County,3.0,20919.0,13.0,10.5,19.0,4.0,92.4,9.2,34.3,36.1,20.4,0.009704096754146949,2091.9,4183.8,4183.8
26085,17.0,MI,Lake County,9.0,11861.0,9.4,12.5,40.0,7.5,64.3,17.9,42.6,30.5,9.0,0.01416406711069893,1976.8333333333333,3953.6666666666665,3953.6666666666665
26127,17.0,MI,Oceana County,6.0,26281.0,11.8,10.0,26.0,7.3,80.9,14.3,35.6,33.0,17.1,-0.00022830181499942925,2920.1111111111113,4380.166666666667,8760.333333333334
26141,12.0,MI,Presque Isle County,7.0,12725.0,7.3,14.7,26.0,9.6,82.9,11.5,40.4,31.4,16.7,-0.005579567779960708,848.3333333333334,3181.25,1156.8181818181818
26109,11.0,MI,Menominee County,7.0,23221.0,7.8,10.5,20.0,5.2,80.7,8.5,43.1,32.5,15.9,-0.010292407734378364,3870.1666666666665,11610.5,5805.25
26015,9.0,MI,Barry County,2.0,59712.0,10.3,9.6,12.0,4.0,116.0,8.3,37.4,35.4,18.9,0.005409297963558414,1456.3902439024391,3512.470588235294,2488.0
26067,8.0,MI,Ionia County,4.0,64182.0,11.4,8.2,20.0,4.2,96.1,10.7,39.1,34.7,15.6,0.0020410707051821382,2567.28,4011.375,7131.333333333333
25007,12.0,MA,Dukes County,7.0,17312.0,8.6,8.7,12.0,5.2,88.5,7.2,24.6,28.5,39.8,0.0020217190388170055,17312.0,17312.0,17312.0
25019,13.0,MA,Nantucket County,7.0,11089.0,15.6,5.2,7.0,4.5,109.5,5.3,25.0,27.6,42.0,0.01695373793849761,1008.0909090909091,3696.3333333333335,1386.125
24047,10.0,MD,Worcester County,2.0,51514.0,8.8,12.4,20.0,9.3,67.9,10.4,32.3,27.4,29.9,0.001145319718911364,903.7543859649123,2060.56,1609.8125
24023,12.0,MD,Garrett County,6.0,29344.0,10.2,12.2,19.0,5.7,59.3,11.5,42.4,26.9,19.2,-0.0024536532170119957,978.1333333333333,1834.0,2096.0
22077,14.0,LA,Pointe Coupee Parish,2.0,22156.0,13.7,10.5,30.0,6.5,93.8,20.0,41.2,24.8,13.9,-0.002166456038996209,1846.3333333333333,2461.777777777778,7385.333333333333
22007,18.0,LA,Assumption Parish,6.0,22755.0,11.2,10.3,29.0,8.4,101.0,27.3,41.5,19.8,11.4,-0.0061524939573720065,2528.3333333333335,5688.75,4551.0
22115,10.0,LA,Vernon Parish,5.0,51621.0,19.5,6.4,21.0,7.2,104.0,12.5,37.2,32.6,17.8,0.0024021231669281882,2346.409090909091,3687.214285714286,6452.625
22075,5.0,LA,Plaquemines Parish,1.0,23327.0,12.2,7.6,20.0,5.3,123.3,19.6,38.0,26.6,15.8,-0.005272859776224975,3887.8333333333335,5831.75,11663.5
22099,13.0,LA,St. Martin Parish,2.0,53809.0,14.4,9.6,27.0,7.7,102.6,20.9,41.1,24.2,13.8,-0.0010964708506012006,4139.153846153846,6726.125,10761.8
22087,12.0,LA,St. Bernard Parish,1.0,45814.0,14.5,7.9,29.0,6.1,86.9,18.2,39.5,29.1,13.2,0.008185270877897586,4164.909090909091,11453.5,6544.857142857143
22003,11.0,LA,Allen Parish,6.0,25686.0,11.3,8.5,25.0,6.4,91.6,20.8,42.9,24.4,11.9,0.0021801759713462585,2140.5,3669.4285714285716,5137.2
22037,14.0,LA,East Feliciana Parish,2.0,19523.0,10.3,11.1,28.0,5.7,101.8,17.6,44.2,25.2,12.9,-0.0011268759924191979,1394.5,19523.0,1501.7692307692307
22047,17.0,LA,Iberville Parish,2.0,32917.0,11.6,9.9,33.0,6.8,91.9,22.6,39.7,24.3,13.4,-0.007139168210954826,3291.7,6583.4,6583.4
22059,12.0,LA,LaSalle Parish,6.0,15052.0,13.1,10.7,23.0,6.6,99.5,24.2,42.8,21.9,11.0,0.00451767207015679,3763.0,5017.333333333333,15052.0
22063,10.0,LA,Livingston Parish,2.0,140080.0,13.8,8.1,17.0,5.0,128.5,16.1,40.2,26.3,17.4,0.017961165048543688,3686.315789473684,6670.476190476191,8240.0
21237,13.0,KY,Wolfe County,9.0,7215.0,13.8,15.6,43.0,9.9,61.0,30.5,39.3,18.4,11.8,-0.004019404019404019,721.5,2405.0,1030.7142857142858
21197,13.0,KY,Powell County,6.0,12295.0,14.5,11.1,41.0,7.1,75.5,22.8,41.8,21.3,14.1,0.004798698657991054,1117.7272727272727,6147.5,1366.111111111111
21181,14.0,KY,Nicholas County,8.0,7063.0,12.6,16.3,30.0,5.5,83.6,20.6,43.0,25.8,10.5,0.0007079144839303412,1009.0,7063.0,1177.1666666666667
21191,9.0,KY,Pendleton County,1.0,14576.0,12.9,10.9,21.0,4.9,110.9,15.3,46.4,28.0,10.3,0.006929198682766191,2082.285714285714,4858.666666666667,3644.0
21069,10.0,KY,Fleming County,7.0,14506.0,12.9,11.2,34.0,6.1,83.4,23.2,38.4,25.8,12.7,-0.005652833310354336,853.2941176470588,2072.285714285714,1450.6
21187,10.0,KY,Owen County,8.0,10663.0,7.1,9.7,25.0,4.2,99.5,16.5,47.7,24.4,11.3,-0.005720716496295602,3554.3333333333335,10663.0,5331.5
21223,9.0,KY,Trimble County,1.0,8627.0,11.2,11.4,21.0,5.5,111.2,16.8,46.1,25.5,11.6,-0.013562072562883968,2156.75,4313.5,4313.5
21039,10.0,KY,Carlisle County,9.0,4816.0,16.1,12.8,25.0,6.2,97.3,18.2,33.9,32.2,15.7,-0.009136212624584718,1605.3333333333333,4816.0,2408.0
21083,9.0,KY,Graves County,7.0,37148.0,13.8,11.5,30.0,6.1,89.5,18.3,37.2,27.7,16.8,-0.00045762894368472055,1375.851851851852,4127.555555555556,2063.777777777778
21213,9.0,KY,Simpson County,6.0,17985.0,12.8,8.3,25.0,4.5,97.9,16.0,43.2,26.6,14.2,0.006171809841534612,1284.642857142857,3597.0,1998.3333333333333
21023,12.0,KY,Bracken County,1.0,8350.0,10.9,11.2,24.0,6.1,101.2,16.8,43.8,24.8,14.6,0.008622754491017964,1192.857142857143,2783.3333333333335,2087.5
20207,6.0,KS,Woodson County,9.0,3195.0,10.1,12.3,24.0,5.8,64.6,10.2,38.3,37.8,13.7,0.01564945226917058,3195.0,3195.0,3195.0
20107,13.0,KS,Linn County,1.0,9626.0,12.2,10.5,21.0,6.4,81.0,11.0,37.7,35.3,16.0,0.0047787242883856225,9626.0,9626.0,9626.0
20019,14.0,KS,Chautauqua County,8.0,3385.0,10.9,12.4,25.0,5.2,74.5,12.0,38.4,31.3,18.3,-0.0011816838995568684,1692.5,3385.0,3385.0
20017,14.0,KS,Chase County,9.0,2644.0,8.7,7.6,15.0,3.5,82.0,9.6,29.6,36.6,24.3,-0.0037821482602118004,2644.0,2644.0,2644.0
20185,11.0,KS,Stafford County,9.0,4200.0,14.5,11.6,20.0,3.7,84.1,12.1,28.9,37.3,21.7,-0.004761904761904762,4200.0,4200.0,2100.0
20083,12.0,KS,Hodgeman County,9.0,1833.0,5.9,10.8,7.0,2.6,93.5,6.6,26.0,41.7,25.7,-0.01800327332242226,916.5,1833.0,1833.0
20197,11.0,KS,Wabaunsee County,3.0,6890.0,11.2,5.5,11.0,3.6,112.2,5.6,36.3,34.3,23.7,0.0024673439767779392,6890.0,6890.0,6890.0
20089,13.0,KS,Jewell County,9.0,2888.0,11.3,9.2,20.0,4.3,74.7,5.6,43.2,36.0,15.3,-0.027008310249307478,2888.0,2888.0,2888.0
20199,10.0,KS,Wallace County,9.0,1505.0,13.9,9.3,12.0,2.7,87.3,10.2,31.6,33.4,24.9,-0.000664451827242525,1505.0,1505.0,1505.0
20115,10.0,KS,Marion County,6.0,12022.0,8.9,12.5,13.0,3.9,94.1,10.0,35.6,31.7,22.8,-0.0018299783729828648,1092.909090909091,2003.6666666666667,2404.4
20097,16.0,KS,Kiowa County,9.0,2504.0,13.0,6.7,16.0,2.7,78.4,8.3,27.8,36.6,27.3,-0.02476038338658147,626.0,1252.0,1252.0
20095,14.0,KS,Kingman County,2.0,7414.0,10.4,14.6,18.0,4.4,108.9,8.3,33.6,34.6,23.5,-0.028864310763420557,617.8333333333334,2471.3333333333335,823.7777777777778
20093,12.0,KS,Kearny County,9.0,3900.0,16.6,7.7,17.0,3.2,108.1,22.5,27.3,36.0,14.3,-0.008717948717948718,487.5,1950.0,650.0
19173,11.0,IA,Taylor County,9.0,6237.0,11.8,10.7,19.0,2.9,90.0,9.1,41.8,35.5,13.6,-0.004168670835337502,6237.0,6237.0,6237.0
19171,10.0,IA,Tama County,6.0,17179.0,12.3,11.3,17.0,4.2,89.6,9.4,40.7,33.6,16.3,-0.0014552651493102042,1227.0714285714287,2863.1666666666665,2147.375
19161,14.0,IA,Sac County,9.0,9818.0,11.0,12.8,17.0,3.0,97.0,8.3,38.6,33.8,19.3,-0.015074353228763496,1227.25,3272.6666666666665,1963.6
19107,6.0,IA,Keokuk County,8.0,10177.0,12.3,10.6,19.0,4.3,88.5,8.7,42.9,31.4,17.0,0.0008843470570895156,1696.1666666666667,3392.3333333333335,3392.3333333333335
19019,10.0,IA,Buchanan County,6.0,21034.0,13.8,8.7,14.0,4.1,101.6,7.7,40.6,33.7,18.0,-0.0035656556052106113,2337.1111111111113,5258.5,4206.8
19151,14.0,IA,Pocahontas County,9.0,6848.0,10.9,12.9,19.0,2.8,91.0,6.9,39.2,37.0,16.9,-0.01664719626168224,1369.6,2282.6666666666665,3424.0
19001,7.0,IA,Adair County,8.0,7010.0,10.5,14.7,15.0,2.9,94.8,6.6,43.2,33.6,16.6,-0.01868758915834522,2336.6666666666665,3505.0,7010.0
19115,12.0,IA,Louisa County,8.0,11188.0,12.3,8.7,15.0,3.9,92.8,17.3,37.3,32.1,13.3,-0.006077940650697175,5594.0,11188.0,11188.0
19065,11.0,IA,Fayette County,6.0,19986.0,10.9,11.9,18.0,4.4,92.6,10.2,38.5,31.7,19.6,-0.007655358751125788,999.3,3997.2,1332.4
19031,9.0,IA,Cedar County,6.0,18407.0,10.4,10.6,9.0,3.3,113.0,6.6,36.2,35.1,22.0,0.005813005921660238,1415.923076923077,3067.8333333333335,2629.5714285714284
19147,10.0,IA,Palo Alto County,7.0,9042.0,11.6,11.8,15.0,3.1,89.9,6.4,30.2,41.3,22.1,-0.010617120106171201,1291.7142857142858,3014.0,2260.5
19009,9.0,IA,Audubon County,8.0,5635.0,11.5,13.2,18.0,3.3,87.9,10.4,42.4,34.1,13.1,-0.013664596273291925,1408.75,1878.3333333333333,5635.0
19093,7.0,IA,Ida County,8.0,6957.0,11.4,12.2,13.0,2.6,94.6,6.7,40.3,34.0,19.0,-0.0007187005893344833,2319.0,3478.5,6957.0
19021,9.0,IA,Buena Vista County,7.0,20268.0,15.7,8.6,17.0,3.5,92.9,21.8,30.5,29.0,18.7,-0.0016775212157094928,1351.2,2026.8,4053.6
19131,10.0,IA,Mitchell County,7.0,10657.0,11.3,10.9,14.0,2.6,97.8,8.8,43.9,31.7,15.7,-0.0013136905320446654,2664.25,3552.3333333333335,10657.0
19109,10.0,IA,Kossuth County,7.0,15133.0,11.9,10.6,14.0,2.6,97.8,5.7,37.9,36.9,19.5,-0.0013216150135465538,15133.0,2161.8571428571427,15133.0
19091,8.0,IA,Humboldt County,7.0,9531.0,10.8,10.3,14.0,2.9,96.4,6.9,36.9,36.4,19.9,-0.0013639702024971147,1361.5714285714287,2382.75,3177.0
19037,8.0,IA,Chickasaw County,6.0,12063.0,11.1,10.3,15.0,4.4,87.3,9.7,44.1,31.7,14.5,-0.004973887092762994,1005.25,1206.3,6031.5
18115,10.0,IN,Ohio County,1.0,5888.0,9.5,11.4,16.0,4.9,104.1,11.4,46.8,28.0,13.8,0.0010190217391304348,1962.6666666666667,2944.0,5888.0
18101,8.0,IN,Martin County,7.0,10202.0,12.8,9.5,17.0,4.1,97.6,15.6,42.8,30.2,11.4,-0.001274259949029602,1457.4285714285713,3400.6666666666665,2550.5
18181,12.0,IN,White County,6.0,24101.0,12.8,11.2,17.0,4.0,90.7,10.4,43.2,30.7,15.7,-0.0074270777146176505,1506.3125,2677.8888888888887,3443.0
18135,10.0,IN,Randolph County,6.0,25059.0,11.4,10.8,25.0,4.5,89.4,13.6,43.7,29.7,13.1,-0.002075102757492318,1566.1875,5011.8,2278.090909090909
18045,8.0,IN,Fountain County,6.0,16477.0,11.4,11.6,19.0,5.8,83.3,12.0,44.2,29.3,14.5,-0.0036414395824482613,3295.4,8238.5,5492.333333333333
18133,7.0,IN,Putnam County,1.0,37265.0,9.5,9.4,16.0,4.5,97.3,11.6,41.6,31.8,15.0,-0.006306185428686435,1961.3157894736842,3726.5,4140.555555555556
18155,15.0,IN,Switzerland County,8.0,10647.0,11.8,8.9,28.0,4.9,86.7,17.3,48.3,26.1,8.3,0.0030994646379261764,10647.0,10647.0,10647.0
18075,15.0,IN,Jay County,6.0,21040.0,14.2,10.3,22.0,4.5,89.8,15.9,47.7,25.5,10.9,-0.004800380228136882,1618.4615384615386,3005.714285714286,3506.6666666666665
18087,8.0,IN,LaGrange County,6.0,39133.0,19.4,6.6,14.0,3.4,115.5,35.7,32.0,21.1,11.2,0.012649170776582425,1863.4761904761904,3557.5454545454545,3913.3
18113,5.0,IN,Noble County,6.0,47442.0,13.4,8.9,16.0,4.1,100.1,15.3,41.1,29.5,14.1,-0.002128915307111842,1976.75,3649.3846153846152,4312.909090909091
18129,7.0,IN,Posey County,2.0,25632.0,10.7,9.6,12.0,3.9,117.8,5.7,38.8,34.9,20.6,0.0008973158551810237,3204.0,4272.0,12816.0
18131,8.0,IN,Pulaski County,6.0,12611.0,10.8,11.6,19.0,4.5,90.3,12.9,46.0,30.4,10.7,-0.014986916184283562,1261.1,2101.8333333333335,3152.75
18039,9.0,IN,Elkhart County,3.0,204146.0,15.4,7.8,17.0,3.5,104.4,19.5,36.7,25.5,18.3,0.003649348995326874,1103.4918918918918,2062.080808080808,2373.7906976744184
18033,5.0,IN,DeKalb County,4.0,42620.0,12.6,9.4,13.0,3.9,100.6,10.3,41.9,30.5,17.4,0.0039418113561708115,1639.2307692307693,2507.0588235294117,4735.555555555556
17083,9.0,IL,Jersey County,1.0,21945.0,8.8,9.4,16.0,5.8,93.9,8.8,36.7,36.1,18.4,-0.011300979722032353,2194.5,3135.0,7315.0
17139,7.0,IL,Moultrie County,6.0,14599.0,11.2,11.3,14.0,4.5,94.2,15.9,34.9,32.1,17.1,-0.009178710870607575,2085.5714285714284,3649.75,4866.333333333333
17071,13.0,IL,Henderson County,9.0,6874.0,7.5,11.4,19.0,6.0,78.4,11.1,45.2,30.4,13.3,-0.017457084666860634,2291.3333333333335,6874.0,3437.0
17039,11.0,IL,De Witt County,3.0,16159.0,12.3,12.2,17.0,5.7,90.1,8.3,37.2,34.2,20.4,-0.0017327804938424409,1795.4444444444443,2693.1666666666665,5386.333333333333
17117,9.0,IL,Macoupin County,1.0,45653.0,9.6,12.1,20.0,5.9,86.1,10.0,38.3,33.4,18.2,-0.0042275425492300615,2685.470588235294,3804.4166666666665,9130.6
17203,8.0,IL,Woodford County,2.0,38933.0,11.2,10.0,8.0,5.4,119.8,6.0,32.8,30.8,30.4,-0.0007705545424190276,1497.423076923077,3244.4166666666665,2780.9285714285716
17147,8.0,IL,Piatt County,3.0,16526.0,10.0,8.7,8.0,4.9,107.9,4.8,34.6,30.8,29.9,0.010528863608858768,1836.2222222222222,3305.2,4131.5
17141,9.0,IL,Ogle County,4.0,51168.0,9.8,9.5,15.0,5.8,96.4,11.7,33.8,34.6,19.8,-0.008403689806128831,1461.942857142857,2046.72,5116.8
17171,9.0,IL,Scott County,9.0,5055.0,10.2,8.1,17.0,5.6,85.9,7.7,50.2,30.0,12.1,-0.010682492581602374,5055.0,5055.0,5055.0
16015,15.0,ID,Boise County,2.0,7088.0,6.1,6.7,21.0,5.3,97.0,6.2,27.7,39.1,27.0,0.01805869074492099,3544.0,7088.0,7088.0
16039,10.0,ID,Elmore County,6.0,26090.0,17.6,7.2,21.0,4.1,87.1,13.7,27.8,41.9,16.6,0.011498658489842852,1449.4444444444443,2371.818181818182,3727.1428571428573
16025,10.0,ID,Camas County,9.0,1084.0,7.4,4.6,14.0,3.7,95.2,12.1,29.4,37.9,20.5,0.011992619926199263,1084.0,1084.0,1084.0
16081,14.0,ID,Teton County,9.0,11086.0,13.8,2.6,13.0,3.2,117.6,8.8,19.3,31.9,40.0,0.0374346022009742,1385.75,3695.3333333333335,2217.2
16073,16.0,ID,Owyhee County,2.0,11363.0,12.4,7.1,25.0,4.6,69.4,25.0,37.1,28.2,9.7,0.0073924139751826105,2272.6,11363.0,2840.75
16021,12.0,ID,Boundary County,7.0,11650.0,13.6,9.0,24.0,5.2,82.7,10.6,37.7,34.2,17.5,0.03313304721030043,1294.4444444444443,2330.0,2912.5
13083,16.0,GA,Dade County,2.0,16242.0,10.4,10.6,21.0,5.0,67.7,19.9,36.1,30.2,13.8,0.005233345647087797,3248.4,5414.0,8121.0
13183,15.0,GA,Long County,3.0,18594.0,15.4,4.9,26.0,5.4,83.3,12.7,34.6,37.4,15.2,0.03942131870495859,9297.0,18594.0,18594.0
13049,12.0,GA,Charlton County,6.0,12751.0,8.9,6.2,34.0,5.6,72.8,19.1,46.3,25.6,9.0,-0.03442867226099914,1275.1,2550.2,2550.2
13223,12.0,GA,Paulding County,1.0,155374.0,12.6,6.3,13.0,4.6,122.5,10.4,33.5,31.5,24.6,0.023189207975594373,3789.609756097561,8631.888888888889,6755.391304347826
13263,15.0,GA,Talbot County,8.0,6353.0,6.4,10.0,38.0,6.7,68.2,21.4,44.9,21.0,12.6,-0.01904611994333386,6353.0,3176.5,6353.0
13221,11.0,GA,Oglethorpe County,3.0,14710.0,11.3,10.2,24.0,4.9,84.8,20.4,37.0,26.0,16.6,-0.0010197144799456153,14710.0,7355.0,14710.0
12121,19.0,FL,Suwannee County,6.0,43835.0,10.4,12.7,30.0,4.9,79.8,20.9,40.0,27.1,12.0,0.003581612866430934,3371.923076923077,10958.75,4870.555555555556
12051,16.0,FL,Hendry County,4.0,39640.0,15.9,7.3,35.0,8.5,78.5,37.1,31.7,22.1,9.1,0.01377396569122099,3964.0,5662.857142857143,13213.333333333334
12129,14.0,FL,Wakulla County,2.0,31885.0,10.6,8.2,18.0,4.1,110.4,12.3,37.4,33.7,16.6,0.011510114473890545,3985.625,10628.333333333334,6377.0
12029,17.0,FL,Dixie County,6.0,16477.0,9.5,12.7,34.0,5.4,67.1,22.2,43.2,28.1,6.4,0.007647023123141349,16477.0,16477.0,4119.25
12039,19.0,FL,Gadsden County,2.0,46155.0,12.1,10.5,34.0,6.2,80.4,21.2,35.6,25.7,17.5,0.0007799805004874878,3077.0,5769.375,6593.571428571428
12043,18.0,FL,Glades County,6.0,13460.0,5.5,7.4,31.0,6.2,77.9,25.6,44.0,21.5,8.9,0.02451708766716196,13460.0,13460.0,6730.0
